generated_at,symbol,prev_close,ma20,ma50,atr_pct,prior_high,prior_low,return_20d,price,session_open,gap,day_change,vwap,vwap_dist,volume_ratio,volume_ratio_tod,minutes_from_open,opening_range_high,opening_range_low,breakout_or,crossed_vwap,momentum_15m,near_support,market_regime,state,score,reason,stop,target_1r,target_2r,v2_state,v2_score,v2_reason,v2_stop,v2_target_1r,v2_target_2r,v3_state,v3_score,v3_reason,v3_stop,v3_target_1r,v3_target_2r,trend_score,trend_state,rs_percentile,above_50d,above_200d,golden_cross,sector,analyst_recommendation,quality_label,quadrant,divergence_score,catalyst_flag,days_to_earnings,skew_percentile,decision,confluence_score,intraday_score,swing_score,options_score,market_event_score,confluence_reason
2026-10-07T23:43:02.434060+00:00,SNDK,1660.4599609375,1704.196746826172,1564.5908959960936,0.0566551291415007,1716.5,1650.0,-0.0406706826511698,1689.99,1619.5,-0.0246678401774733,0.0177842524102944,1695.9362789204777,-0.0035061924167708,3.026750613973684,2.3280714758936627,390,1671.63525390625,1617.949951171875,True,False,-0.004482784928947,True,BULL_TREND,WATCH,57.0,opening-range breakout; volume 3.0x; near support; enough daily range,1664.64015,1715.33985,1740.6897,NO TRADE,37.0,time-normalized volume 2.3x; near support; tradable daily range,1664.64015,1715.33985,1740.6897,NO TRADE,49.0,time-normalized volume 2.3x; near support; tradable daily range; broad market bull trend; strong time-normalized volume,1664.64015,1715.33985,1740.6897,72.0,STRONG TREND,95.70552147239265,True,True,True,Technology,buy,HIGH,CONTRARIAN BID,17.4,True,22.0,34.61538461538461,SWING CANDIDATE,82.0,14.0,35.0,20.0,13.0,opening-range breakout; healthy relative volume; RS >=95; above 50D/200D; strong trend; high-quality options; contrarian options bid; skew divergence; bull regime
2026-10-07T23:43:02.434060+00:00,MSFT,529.2999877929688,506.6189987182617,496.1259991455078,0.0225135610941402,535.6900024414062,528.780029296875,0.0775145252562834,529.35,530.7249755859375,0.0026922120268895,9.448745169970962e-05,528.8284511266965,0.0009862345193274,9.445506537703125,3.770549706140186,390,531.5900268554688,525.6829833984375,False,False,-0.0019608488465358,True,BULL_TREND,WATCH,57.0,holding above VWAP; volume 9.4x; near support; positive 1M trend,525.6829833984375,533.0170166015625,536.6840332031251,WATCH,49.0,trend 3/3; time-normalized volume 3.8x; near support; tradable daily range,525.6829833984375,533.0170166015625,536.6840332031251,WATCH,65.0,trend 3/3; time-normalized volume 3.8x; near support; tradable daily range; broad market bull trend; tight VWAP proximity; strong time-normalized volume,525.6829833984375,533.0170166015625,536.6840332031251,78.0,STRONG TREND,83.43558282208589,True,True,True,Technology,strong_buy,HIGH,HEDGED RALLY,0.0,True,21.0,56.25,SWING CANDIDATE,68.0,14.0,28.0,13.0,13.0,V3 watch; near VWAP; extreme volume; above 50D/200D; strong trend; high-quality options; hedged rally; bull regime
2026-10-07T23:43:02.434060+00:00,NVDA,239.2400054931641,225.57850036621093,220.583200378418,0.0214966390856841,243.3699951171875,238.92999267578125,0.0616980514361797,237.51,237.6750030517578,-0.0065415582907222,-0.0072312550302692,237.4912323841256,7.902445781260425e-05,5.997056073160826,3.5616153028351287,390,238.8999938964844,237.0800018310547,False,True,-0.0006731946403751,True,BULL_TREND,WATCH,65.0,VWAP reclaim; volume 6.0x; near support; positive 1M trend,237.0800018310547,238.46004,239.41008,WATCH,57.0,trend 3/3; VWAP reclaim context; time-normalized volume 3.6x; near support; tradable daily range,237.0800018310547,238.46004,239.41008,WATCH,73.0,trend 3/3; VWAP reclaim context; time-normalized volume 3.6x; near support; tradable daily range; broad market bull trend; tight VWAP proximity; strong time-normalized volume,237.0800018310547,238.46004,239.41008,71.0,STRONG TREND,77.91411042944786,True,True,True,Technology,strong_buy,HIGH,HEDGED RALLY,0.0,True,41.0,100.0,SWING CANDIDATE,65.0,14.0,25.0,13.0,13.0,V3 watch; near VWAP; extreme volume; above 50D/200D; strong trend; high-quality options; hedged rally; bull regime
2026-10-07T23:43:02.434060+00:00,NBIS,249.8699951171875,229.9627494812012,222.33649993896483,0.0621131585586673,255.1000061035156,237.0,-0.0133139676545422,237.3,242.2100067138672,-0.0306558952775735,-0.0503061406444268,237.03947074634968,0.0010990965041814,2.7344056720532657,2.402350236930979,390,243.6199951171875,235.6999969482422,False,False,0.001645792193037,True,BULL_TREND,WATCH,57.0,holding above VWAP; volume 2.7x; near support; enough daily range,235.6999969482422,238.90000305175784,240.5000061035157,NO TRADE,38.0,trend 2/3; time-normalized volume 2.4x; near support,235.6999969482422,238.90000305175784,240.5000061035157,WATCH,54.0,trend 2/3; time-normalized volume 2.4x; near support; broad market bull trend; tight VWAP proximity; strong time-normalized volume,235.6999969482422,238.90000305175784,240.5000061035157,60.0,TRENDING,93.86503067484662,True,True,True,Communication Services,buy,HIGH,CONTRARIAN BID,14.7,True,34.0,16.666666666666664,WAIT FOR TRIGGER,73.0,20.0,20.0,20.0,13.0,V3 watch; near VWAP; healthy relative volume; RS >=90; above 50D/200D; high-quality options; contrarian options bid; skew divergence; bull regime
2026-10-07T23:43:02.434060+00:00,SPY,779.0900268554688,766.4579986572265,765.9473986816406,0.0085486405679398,781.6199951171875,777.9600219726562,0.0194385438280282,777.3,775.77001953125,-0.0042613911226907,-0.0022975866636281,776.3912090003631,0.0011705323155408,5.642928701761352,1.720321471037054,390,776.1500244140625,774.0900268554688,True,False,-0.0001543347390006,True,BULL_TREND,ENTRY TRIGGERED,75.0,holding above VWAP; opening-range breakout; volume 5.6x; near support; positive 1M trend,774.0900268554688,780.5099731445312,783.7199462890624,ENTRY TRIGGERED,64.0,trend 3/3; confirmed OR breakout; time-normalized volume 1.7x; near support,774.0900268554688,780.5099731445312,783.7199462890624,ENTRY TRIGGERED,76.0,trend 3/3; confirmed OR breakout; time-normalized volume 1.7x; near support; broad market bull trend; tight VWAP proximity,774.0900268554688,780.5099731445312,783.7199462890624,,,,,,,,,HIGH,HEDGED RALLY,1.5,False,,27.27272727272727,WAIT FOR TRIGGER,67.0,35.0,9.0,13.0,10.0,V3 entry; opening-range breakout; near VWAP; healthy relative volume; above 50D/200D; high-quality options; hedged rally; bull regime
2026-10-07T23:43:02.434060+00:00,QQQ,759.6599731445312,733.7774993896485,721.4519995117188,0.0120391902183698,762.8599853515625,759.0999755859375,0.0578241027646246,757.86,753.8699951171875,-0.0076218021641666,-0.0023694458154487,755.6358841530911,0.0029433698075385,4.422252762483025,1.6525601250809667,390,754.8245849609375,751.760009765625,True,False,9.240287505329904e-05,True,BULL_TREND,ENTRY TRIGGERED,75.0,holding above VWAP; opening-range breakout; volume 4.4x; near support; positive 1M trend,753.31284,762.40716,766.9543199999999,ENTRY TRIGGERED,64.0,trend 3/3; confirmed OR breakout; time-normalized volume 1.7x; near support,753.31284,762.40716,766.9543199999999,ENTRY TRIGGERED,76.0,trend 3/3; confirmed OR breakout; time-normalized volume 1.7x; near support; broad market bull trend; tight VWAP proximity,753.31284,762.40716,766.9543199999999,,,,,,,,,HIGH,HEDGED RALLY,0.0,False,,33.33333333333333,WAIT FOR TRIGGER,67.0,35.0,9.0,13.0,10.0,V3 entry; opening-range breakout; near VWAP; healthy relative volume; above 50D/200D; high-quality options; hedged rally; bull regime
2026-10-07T23:43:02.434060+00:00,NFLX,68.69000244140625,72.24000091552735,75.42480010986328,0.0259447244253209,68.77999877929688,67.30999755859375,-0.0832566346532464,69.76,68.80000305175781,0.0016014064120233,0.0155771949419638,69.3116306762183,0.0064688901329736,8.412238658363524,3.3382617143614004,390,69.18000030517578,68.5,True,False,0.0009312150221849,False,BULL_TREND,WATCH,59.0,holding above VWAP; opening-range breakout; volume 8.4x; enough daily range,69.12653360843137,70.39346639156864,71.02693278313727,WATCH,55.0,confirmed OR breakout; time-normalized volume 3.3x; tradable daily range,69.12653360843137,70.39346639156864,71.02693278313727,ENTRY TRIGGERED,71.0,confirmed OR breakout; time-normalized volume 3.3x; tradable daily range; broad market bull trend; tight VWAP proximity; strong time-normalized volume,69.12653360843137,70.39346639156864,71.02693278313727,0.0,WEAK / MIXED,1.8404907975460123,False,False,False,,,HIGH,CONTRARIAN BID,38.4,True,13.0,18.181818181818183,WAIT FOR TRIGGER,62.0,29.0,0.0,20.0,13.0,V3 entry; opening-range breakout; near VWAP; extreme volume; high-quality options; contrarian options bid; skew divergence; bull regime
2026-10-07T23:43:02.434060+00:00,AMD,649.4199829101562,587.6205017089844,522.6444006347656,0.0364996001177701,658.52001953125,628.0,0.2394166486485474,645.9522,634.3920288085938,-0.0231405785116433,-0.0053398155298772,642.6288962969838,0.0051714196516308,2.9374410892480887,1.920725396732312,390,648.47998046875,633.219970703125,False,False,0.0001195277724017,False,BULL_TREND,WATCH,56.0,holding above VWAP; volume 2.9x; positive 1M trend; enough daily range,637.7002510516821,654.2041489483178,662.4560978966356,NO TRADE,37.0,trend 3/3; time-normalized volume 1.9x; tradable daily range,637.7002510516821,654.2041489483178,662.4560978966356,NO TRADE,49.0,trend 3/3; time-normalized volume 1.9x; tradable daily range; broad market bull trend; tight VWAP proximity,637.7002510516821,654.2041489483178,662.4560978966356,81.0,STRONG TREND,99.38650306748468,True,True,True,Technology,strong_buy,HIGH,CHASE,1.8,True,27.0,27.27272727272727,WAIT FOR TRIGGER,61.0,13.0,35.0,0.0,13.0,near VWAP; healthy relative volume; RS >=95; above 50D/200D; strong trend; high-quality options; options chase; bull regime
2026-10-07T23:43:02.434060+00:00,MU,1045.56005859375,1032.646499633789,967.1626000976562,0.0416489079867042,1074.31005859375,1045.260009765625,0.0586025855241623,1087.8016,1017.3699951171876,-0.0269616874180115,0.0404008751664286,1064.7913050954726,0.0216101453819292,3.624932556194754,1.9079834257172503,390,1035.949951171875,1011.4199829101562,True,False,0.0015528832405315,False,BULL_TREND,WATCH,60.0,opening-range breakout; volume 3.6x; positive 1M trend; enough daily range,1071.9445879388336,1103.6586120611664,1119.5156241223328,NO TRADE,12.0,trend 3/3; time-normalized volume 1.9x; tradable daily range; too extended from VWAP,1071.9445879388336,1103.6586120611664,1119.5156241223328,NO TRADE,20.0,trend 3/3; time-normalized volume 1.9x; tradable daily range; too extended from VWAP; broad market bull trend,1071.9445879388336,1103.6586120611664,1119.5156241223328,75.0,STRONG TREND,98.77300613496932,True,True,True,Technology,strong_buy,HIGH,CHASE,0.0,False,77.0,45.45454545454545,WAIT FOR TRIGGER,59.0,14.0,35.0,0.0,10.0,opening-range breakout; healthy relative volume; RS >=95; above 50D/200D; strong trend; high-quality options; options chase; bull regime
2026-10-07T23:43:02.434060+00:00,NVO,37.52999877929688,39.94849967956543,43.95819976806641,0.0254882220219804,37.52999877929688,36.84999847412109,-0.1413824698742939,38.2277,37.56999969482422,0.0010658384446686,0.0185904940952996,38.11440491187968,0.0029725005121361,5.422825629359374,1.6238714531290477,390,37.95000076293945,37.507999420166016,True,False,-0.000974765196482,False,BULL_TREND,WATCH,59.0,holding above VWAP; opening-range breakout; volume 5.4x; enough daily range,37.886675363253616,38.56872463674638,38.90974927349277,WATCH,47.0,confirmed OR breakout; time-normalized volume 1.6x; tradable daily range,37.886675363253616,38.56872463674638,38.90974927349277,WATCH,59.0,confirmed OR breakout; time-normalized volume 1.6x; tradable daily range; broad market bull trend; tight VWAP proximity,37.886675363253616,38.56872463674638,38.90974927349277,0.0,WEAK / MIXED,40.49079754601227,False,False,False,,,HIGH,CONTRARIAN BID,45.4,True,28.0,32.0,WAIT FOR TRIGGER,59.0,26.0,0.0,20.0,13.0,V3 watch; opening-range breakout; near VWAP; healthy relative volume; high-quality options; contrarian options bid; skew divergence; bull regime
2026-10-07T23:43:02.434060+00:00,PLTR,192.07000732421875,183.2594985961914,173.72819885253907,0.0286472918144417,194.55999755859372,190.22000122070312,0.1450480535300609,194.14,192.6999969482422,0.0032799999999999,0.0107772822244289,192.36519259243684,0.0092262398599491,4.6839396197551535,2.674169824966858,390,194.6999969482422,191.02130126953125,False,False,0.0035408656403905,False,BULL_TREND,WATCH,56.0,holding above VWAP; volume 4.7x; positive 1M trend; enough daily range,192.1934451685005,196.08655483149948,198.03310966299895,WATCH,51.0,trend 3/3; time-normalized volume 2.7x; controlled 15m momentum; tradable daily range,192.1934451685005,196.08655483149948,198.03310966299895,WATCH,67.0,trend 3/3; time-normalized volume 2.7x; controlled 15m momentum; tradable daily range; broad market bull trend; tight VWAP proximity; strong time-normalized volume,192.1934451685005,196.08655483149948,198.03310966299895,65.0,TRENDING,73.61963190184049,True,True,True,Technology,buy,HIGH,HEDGED RALLY,0.4,True,26.0,70.58823529411765,WAIT FOR TRIGGER,57.0,14.0,17.0,13.0,13.0,V3 watch; near VWAP; extreme volume; above 50D/200D; high-quality options; hedged rally; bull regime
2026-10-07T23:43:02.434060+00:00,AMZN,256.2900085449219,251.6285011291504,258.00879974365233,0.0206406791105421,256.67999267578125,251.0800018310547,0.0297940559156042,260.0413,254.07000732421875,-0.0086620669814914,0.014636900893546,257.7563503201444,0.008864765803122,5.022720202794851,1.960816425666249,390,255.6499938964844,253.1699981689453,True,False,0.0006206522785783,True,BULL_TREND,ENTRY TRIGGERED,75.0,holding above VWAP; opening-range breakout; volume 5.0x; near support; positive 1M trend,258.1626998399241,261.9199001600759,263.7985003201518,ENTRY TRIGGERED,69.0,trend 3/3; confirmed OR breakout; time-normalized volume 2.0x; near support; tradable daily range,258.1626998399241,261.9199001600759,263.7985003201518,ENTRY TRIGGERED,81.0,trend 3/3; confirmed OR breakout; time-normalized volume 2.0x; near support; tradable daily range; broad market bull trend; tight VWAP proximity,258.1626998399241,261.9199001600759,263.7985003201518,24.0,WEAK / MIXED,65.03067484662577,False,True,True,,,HIGH,CHASE,6.6,True,22.0,15.151515151515152,WAIT FOR TRIGGER,51.0,35.0,3.0,0.0,13.0,V3 entry; opening-range breakout; near VWAP; healthy relative volume; high-quality options; options chase; bull regime
2026-10-07T23:43:02.434060+00:00,GOOGL,347.67999267578125,344.47949981689453,345.6591986083984,0.0257223855824653,349.0899963378906,344.67999267578125,0.060033287373143,350.35,346.6099853515625,-0.003077563698687,0.0076794966074122,347.6269395318062,0.0078332837836483,10.652644000669396,4.290409885424199,390,347.25,343.0657958984375,True,False,-0.0001412833478386,False,BULL_TREND,ENTRY TRIGGERED,74.0,holding above VWAP; opening-range breakout; volume 10.7x; positive 1M trend; enough daily range,347.19585677391416,353.5041432260859,356.6582864521717,ENTRY TRIGGERED,73.0,trend 3/3; confirmed OR breakout; time-normalized volume 4.3x; tradable daily range,347.19585677391416,353.5041432260859,356.6582864521717,ENTRY TRIGGERED,89.0,trend 3/3; confirmed OR breakout; time-normalized volume 4.3x; tradable daily range; broad market bull trend; tight VWAP proximity; strong time-normalized volume,347.19585677391416,353.5041432260859,356.6582864521717,22.0,WEAK / MIXED,58.8957055214724,True,True,True,,,HIGH,CHASE,0.0,True,21.0,40.625,WAIT FOR TRIGGER,51.0,29.0,9.0,0.0,13.0,V3 entry; opening-range breakout; near VWAP; extreme volume; above 50D/200D; high-quality options; options chase; bull regime
2026-10-07T23:43:02.434060+00:00,AVGO,375.80999755859375,355.30299987792966,372.5982000732422,0.0275899072355733,380.8399963378906,364.010009765625,0.033289436083941,376.75,372.4800109863281,-0.0088608248686796,0.0025012704491973,373.89943565162514,0.0076238797830945,6.3074143249384615,2.7256752464084544,390,374.3399963378906,369.1199951171875,True,False,0.0020479519952454,True,BULL_TREND,ENTRY TRIGGERED,82.0,holding above VWAP; opening-range breakout; volume 6.3x; near support; positive 1M trend; enough daily range,373.1119258571492,380.3880741428508,384.0261482857016,ENTRY TRIGGERED,83.0,trend 3/3; confirmed OR breakout; time-normalized volume 2.7x; controlled 15m momentum; near support; tradable daily range,373.1119258571492,380.3880741428508,384.0261482857016,ENTRY TRIGGERED,99.0,trend 3/3; confirmed OR breakout; time-normalized volume 2.7x; controlled 15m momentum; near support; tradable daily range; broad market bull trend; tight VWAP proximity; strong time-normalized volume,373.1119258571492,380.3880741428508,384.0261482857016,22.0,WEAK / MIXED,57.05521472392638,True,True,True,,,HIGH,CHASE,0.0,False,63.0,60.60606060606061,WAIT FOR TRIGGER,48.0,29.0,9.0,0.0,10.0,V3 entry; opening-range breakout; near VWAP; extreme volume; above 50D/200D; high-quality options; options chase; bull regime
2026-10-07T23:43:02.434060+00:00,AAPL,333.6300048828125,334.4780014038086,322.27980041503906,0.01874831529423,334.3800048828125,330.6199951171875,0.0676413310634671,336.71,337.0150146484375,0.010145999208956,0.0092317689419731,335.70784298355085,0.002985205849058,3.2949118632516634,1.271539738184785,390,338.6700134277344,332.7900085449219,False,False,0.0002971232369504,True,BULL_TREND,WATCH,57.0,holding above VWAP; volume 3.3x; near support; positive 1M trend,334.5005391650479,338.9194608349521,341.1289216699042,NO TRADE,27.0,trend 3/3; near support; tradable daily range,334.5005391650479,338.9194608349521,341.1289216699042,NO TRADE,39.0,trend 3/3; near support; tradable daily range; broad market bull trend; tight VWAP proximity,334.5005391650479,338.9194608349521,341.1289216699042,68.0,TRENDING,76.68711656441718,True,True,True,Technology,buy,HIGH,HEDGED RALLY,0.0,True,26.0,82.35294117647058,WAIT FOR TRIGGER,48.0,5.0,17.0,13.0,13.0,near VWAP; above 50D/200D; high-quality options; hedged rally; bull regime
2026-10-07T23:43:02.434060+00:00,META,738.8800048828125,711.8254974365234,633.4319982910156,0.0386279457077693,747.5999755859375,736.6900024414062,0.1034435204219734,721.45,737.967529296875,-0.0012349442127375,-0.0235897639232731,724.0873079141245,-0.0036422512662481,7.251244615807482,3.35470463025024,390,738.0,721.9000244140625,False,False,0.0003952243679885,False,BULL_TREND,NO TRADE,42.0,volume 7.3x; positive 1M trend; enough daily range,711.6961539991955,731.2038460008046,740.9576920016091,WATCH,45.0,trend 3/3; time-normalized volume 3.4x; tradable daily range,711.6961539991955,731.2038460008046,740.9576920016091,WATCH,57.0,trend 3/3; time-normalized volume 3.4x; tradable daily range; broad market bull trend; strong time-normalized volume,711.6961539991955,731.2038460008046,740.9576920016091,60.0,TRENDING,74.84662576687117,True,True,True,Communication Services,strong_buy,HIGH,HEDGED RALLY,2.5,True,21.0,75.0,WAIT FOR TRIGGER,48.0,9.0,13.0,13.0,13.0,V3 watch; extreme volume; above 50D/200D; high-quality options; hedged rally; bull regime
2026-10-07T23:43:02.434060+00:00,BAC,54.09000015258789,56.744500160217285,60.36639984130859,0.0176821640350447,54.459999084472656,53.880001068115234,-0.1460028399317189,53.52,53.18999862670898,-0.0166389632712147,-0.0105379950264359,53.39534334470463,0.0023345978785196,8.083152943149129,2.1540696527401524,390,53.43000030517578,52.90999984741211,True,False,-0.0007468516106304,True,BULL_TREND,WATCH,60.0,holding above VWAP; opening-range breakout; volume 8.1x; near support,53.18877770329554,53.851222296704464,54.18244459340893,WATCH,59.0,confirmed OR breakout; time-normalized volume 2.2x; near support; tradable daily range,53.18877770329554,53.851222296704464,54.18244459340893,ENTRY TRIGGERED,75.0,confirmed OR breakout; time-normalized volume 2.2x; near support; tradable daily range; broad market bull trend; tight VWAP proximity; strong time-normalized volume,53.18877770329554,53.851222296704464,54.18244459340893,6.0,WEAK / MIXED,51.53374233128834,False,False,True,,,MEDIUM,FEAR,40.1,True,7.0,15.0,WAIT FOR TRIGGER,47.0,35.0,3.0,6.0,3.0,V3 entry; opening-range breakout; near VWAP; healthy relative volume; skew divergence; bull regime; earnings <=7d
2026-10-07T23:43:02.434060+00:00,JPM,331.2799987792969,341.63500061035154,350.76719970703124,0.0172620612017361,333.7900085449219,330.92999267578125,-0.0708466225598132,329.58,327.20001220703125,-0.0123158252454105,-0.005131607056149,328.3418388939883,0.0037709513663637,12.726256997536169,3.5718370107160293,390,328.45001220703125,325.07000732421875,True,False,0.00051606307034,True,BULL_TREND,WATCH,60.0,holding above VWAP; opening-range breakout; volume 12.7x; near support,327.5887694541961,331.57123054580387,333.56246109160776,WATCH,59.0,confirmed OR breakout; time-normalized volume 3.6x; near support; tradable daily range,327.5887694541961,331.57123054580387,333.56246109160776,ENTRY TRIGGERED,75.0,confirmed OR breakout; time-normalized volume 3.6x; near support; tradable daily range; broad market bull trend; tight VWAP proximity; strong time-normalized volume,327.5887694541961,331.57123054580387,333.56246109160776,14.0,WEAK / MIXED,56.44171779141104,False,True,True,,,HIGH,FEAR,43.8,True,6.0,7.6923076923076925,WAIT FOR TRIGGER,45.0,29.0,3.0,10.0,3.0,V3 entry; opening-range breakout; near VWAP; extreme volume; high-quality options; skew divergence; bull regime; earnings <=7d
2026-10-07T23:43:02.434060+00:00,LLY,1157.489990234375,1155.8084899902344,1174.2915942382813,0.0295756815815857,1177.0699462890625,1139.97998046875,0.0573825281816831,1188.72,1171.02001953125,0.0116891112761461,0.026980803315026,1188.5972465924276,0.0001032758639853,8.637425408705626,1.3306221437434136,390,1186.9998779296875,1166.0,True,True,-0.0002102413932095,False,BULL_TREND,ENTRY TRIGGERED,82.0,VWAP reclaim; opening-range breakout; volume 8.6x; positive 1M trend; enough daily range,1176.414978526618,1201.025021473382,1213.3300429467638,WATCH,51.0,trend 3/3; confirmed OR breakout; tradable daily range,1176.414978526618,1201.025021473382,1213.3300429467638,WATCH,63.0,trend 3/3; confirmed OR breakout; tradable daily range; broad market bull trend; tight VWAP proximity,1176.414978526618,1201.025021473382,1213.3300429467638,24.0,WEAK / MIXED,72.39263803680981,False,True,True,,,MEDIUM,HEDGED RALLY,0.4,True,22.0,63.1578947368421,WAIT FOR TRIGGER,43.0,18.0,3.0,9.0,13.0,V3 watch; opening-range breakout; near VWAP; hedged rally; bull regime
2026-10-07T23:43:02.434060+00:00,ASML,1834.0999755859373,1736.3315063476562,1731.6510009765625,0.0251590856574355,1870.0,1819.0899658203125,0.0436190044372521,1804.1094,1790.1199951171875,-0.0239790529710354,-0.0163516580258152,1801.7956465181712,0.0012841375692631,3.748567304735257,1.91126928872032,390,1806.9599609375,1785.739990234375,False,False,0.0015985851681752,True,BULL_TREND,WATCH,64.0,holding above VWAP; volume 3.7x; near support; positive 1M trend; enough daily range,1788.2229899745057,1819.9958100254944,1835.8822200509887,NO TRADE,41.0,trend 3/3; time-normalized volume 1.9x; near support; tradable daily range,1788.2229899745057,1819.9958100254944,1835.8822200509887,WATCH,53.0,trend 3/3; time-normalized volume 1.9x; near support; tradable daily range; broad market bull trend; tight VWAP proximity,1788.2229899745057,1819.9958100254944,1835.8822200509887,75.0,STRONG TREND,82.20858895705521,True,True,True,Technology,strong_buy,LOW,CHASE,0.0,True,7.0,58.333333333333336,WAIT FOR TRIGGER,43.0,20.0,28.0,-8.0,3.0,V3 watch; near VWAP; healthy relative volume; above 50D/200D; strong trend; options chase; bull regime; earnings <=7d
2026-10-07T23:43:02.434060+00:00,WMT,107.1999969482422,107.15650100708008,108.57419998168945,0.0206023651164388,107.5500030517578,104.5,0.0220164583836468,107.91,107.58499908447266,0.0035914379402115,0.0066231629847957,108.14294805887992,-0.0021540753517564,9.62167722793114,2.7801118652951344,390,108.2750015258789,107.4000015258789,False,False,-0.0022135934767926,True,BULL_TREND,NO TRADE,39.0,volume 9.6x; near support; positive 1M trend,107.4000015258789,108.41999847412109,108.92999694824218,NO TRADE,43.0,trend 2/3; time-normalized volume 2.8x; near support; tradable daily range,107.4000015258789,108.41999847412109,108.92999694824218,WATCH,55.0,trend 2/3; time-normalized volume 2.8x; near support; tradable daily range; broad market bull trend; strong time-normalized volume,107.4000015258789,108.41999847412109,108.92999694824218,0.0,WEAK / MIXED,13.496932515337424,False,False,False,,,HIGH,HEDGED RALLY,0.0,True,43.0,67.85714285714286,WAIT FOR TRIGGER,35.0,9.0,0.0,13.0,13.0,V3 watch; extreme volume; high-quality options; hedged rally; bull regime
2026-10-07T23:43:02.434060+00:00,GS,897.1799926757812,937.9730010986328,994.4822045898436,0.0220699432189536,905.9400024414062,896.0,-0.1376095990325312,887.12,880.8499755859375,-0.018201494932071,-0.011212903495293,879.4085249601555,0.0087689336877805,10.91126047718131,1.5734144751141057,390,883.7899780273438,868.52001953125,True,False,-0.0008587930474232,True,BULL_TREND,WATCH,60.0,holding above VWAP; opening-range breakout; volume 10.9x; near support,880.2674591900607,893.9725408099393,900.8250816198788,WATCH,51.0,confirmed OR breakout; time-normalized volume 1.6x; near support; tradable daily range,880.2674591900607,893.9725408099393,900.8250816198788,WATCH,63.0,confirmed OR breakout; time-normalized volume 1.6x; near support; tradable daily range; broad market bull trend; tight VWAP proximity,880.2674591900607,893.9725408099393,900.8250816198788,6.0,WEAK / MIXED,42.331288343558285,False,False,True,,,LOW,FEAR,16.8,True,6.0,17.391304347826086,WAIT FOR TRIGGER,34.0,26.0,3.0,2.0,3.0,V3 watch; opening-range breakout; near VWAP; healthy relative volume; skew divergence; bull regime; earnings <=7d
2026-10-07T23:43:02.434060+00:00,COST,935.6799926757812,911.3559997558592,932.0941979980468,0.0165929827293903,937.0399780273438,919.0,0.0439286788018391,942.41,940.8400268554688,0.0055147424547694,0.0071926378429583,943.9457865319785,-0.0016269859497131,7.911883676838363,2.1221212609002147,390,944.739990234375,937.989990234375,False,False,0.0003927879721528,True,BULL_TREND,NO TRADE,43.0,volume 7.9x; near support; positive 1M trend,937.989990234375,946.8300097656248,951.25001953125,WATCH,49.0,trend 3/3; time-normalized volume 2.1x; near support; tradable daily range,937.989990234375,946.8300097656248,951.25001953125,WATCH,61.0,trend 3/3; time-normalized volume 2.1x; near support; tradable daily range; broad market bull trend; strong time-normalized volume,937.989990234375,946.8300097656248,951.25001953125,8.0,WEAK / MIXED,20.858895705521476,True,False,False,,,MEDIUM,HEDGED RALLY,0.0,False,64.0,77.77777777777779,WAIT FOR TRIGGER,34.0,15.0,0.0,9.0,10.0,V3 watch; healthy relative volume; hedged rally; bull regime
2026-10-07T23:43:02.434060+00:00,TSLA,380.6799926757813,367.22449645996096,351.7343975830078,0.0291395658948982,383.3299865722656,378.5199890136719,0.0271879504808918,377.7,378.3500061035156,-0.0061205910925032,-0.0078280780001991,376.9288030933138,0.0020460015269654,2.855957036214276,1.5304973160087645,390,382.3499145507813,375.5700073242188,False,False,-0.0004498772577451,True,BULL_TREND,WATCH,64.0,holding above VWAP; volume 2.9x; near support; positive 1M trend; enough daily range,375.5700073242188,379.8299926757812,381.95998535156247,NO TRADE,41.0,trend 3/3; time-normalized volume 1.5x; near support; tradable daily range,375.5700073242188,379.8299926757812,381.95998535156247,WATCH,53.0,trend 3/3; time-normalized volume 1.5x; near support; tradable daily range; broad market bull trend; tight VWAP proximity,375.5700073242188,379.8299926757812,381.95998535156247,8.0,WEAK / MIXED,53.987730061349694,True,False,False,,,HIGH,CHASE,0.0,True,14.0,73.52941176470588,WAIT FOR TRIGGER,33.0,20.0,0.0,0.0,13.0,V3 watch; near VWAP; healthy relative volume; high-quality options; options chase; bull regime
2026-10-07T23:43:02.434060+00:00,UNH,376.3200073242188,375.7724990844727,391.0147985839844,0.0210288368540157,380.4100036621094,373.7000122070313,-0.0434538917171786,375.98,375.9200134277344,-0.0010629089304299,-0.0009035058397142,377.7547569254679,-0.0046981722742885,13.112635591821569,4.054605958016937,390,379.1900024414063,375.0710144042969,False,False,0.0037107335371966,True,BULL_TREND,NO TRADE,32.0,volume 13.1x; near support,375.0710144042969,377.48392,378.98784,NO TRADE,43.0,time-normalized volume 4.1x; controlled 15m momentum; near support; tradable daily range,375.0710144042969,377.48392,378.98784,WATCH,55.0,time-normalized volume 4.1x; controlled 15m momentum; near support; tradable daily range; broad market bull trend; strong time-normalized volume,375.0710144042969,377.48392,378.98784,24.0,WEAK / MIXED,70.5521472392638,False,True,True,,,MEDIUM,FEAR,16.4,True,6.0,14.285714285714285,WAIT FOR TRIGGER,21.0,9.0,3.0,6.0,3.0,V3 watch; extreme volume; skew divergence; bull regime; earnings <=7d
2026-10-07T23:43:02.434060+00:00,CRM,224.9900054931641,237.475,223.27320007324215,0.0349380608550446,233.0,222.88999938964844,-0.080275253151781,224.34,225.2400054931641,0.0011111604688929,-0.0028890416342685,224.3444063073954,-1.9640816849020304e-05,4.946275097619169,1.3337177514790894,390,225.8000030517578,222.7458953857422,False,False,-0.00200183860302,True,BULL_TREND,NO TRADE,39.0,volume 4.9x; near support; enough daily range,222.7458953857422,225.93410461425785,227.52820922851564,NO TRADE,15.0,near support; tradable daily range,222.7458953857422,225.93410461425785,227.52820922851564,NO TRADE,23.0,near support; tradable daily range; broad market bull trend,222.7458953857422,225.93410461425785,227.52820922851564,32.0,WEAK / MIXED,71.16564417177914,True,True,True,,,HIGH,CONTRARIAN BID,36.2,False,56.0,30.434782608695656,NO SETUP,39.0,0.0,9.0,20.0,10.0,above 50D/200D; high-quality options; contrarian options bid; skew divergence; bull regime
2026-10-07T23:43:02.434060+00:00,RGTI,15.170000076293944,15.637750005722046,16.153800086975096,0.0560693049195207,15.770000457763672,14.994999885559082,-0.0426508942449007,14.63,14.744999885559082,-0.0280158331310101,-0.0355965770321781,14.579714131191604,0.0034490298201947,2.1939324278617263,1.0817127556203163,390,14.890000343322754,14.489999771118164,False,False,0.0023294247016418,False,BULL_TREND,NO TRADE,41.0,holding above VWAP; volume 2.2x; enough daily range,14.489999771118164,14.770000228881838,14.910000457763674,NO TRADE,11.0,controlled 15m momentum; tradable daily range,14.489999771118164,14.770000228881838,14.910000457763674,NO TRADE,23.0,controlled 15m momentum; tradable daily range; broad market bull trend; tight VWAP proximity,14.489999771118164,14.770000228881838,14.910000457763674,0.0,WEAK / MIXED,53.37423312883436,False,False,False,,,HIGH,CONTRARIAN BID,25.6,True,34.0,21.73913043478261,NO SETUP,38.0,5.0,0.0,20.0,13.0,near VWAP; high-quality options; contrarian options bid; skew divergence; bull regime
2026-10-07T23:43:02.434060+00:00,ORCL,144.77000427246094,143.37750015258788,145.11120010375976,0.039328402500641,146.94000244140625,143.86000061035156,-0.1117985941862722,143.4155,142.5399932861328,-0.0154038193031422,-0.0093562494473076,143.54419967074512,-0.0008965856582175,5.497304377224248,1.6173008545869365,390,144.6999969482422,141.3699951171875,False,False,-0.002060332228284,True,BULL_TREND,NO TRADE,39.0,volume 5.5x; near support; enough daily range,141.44139412190927,145.38960587809075,147.3637117561815,NO TRADE,29.0,time-normalized volume 1.6x; near support; tradable daily range,141.44139412190927,145.38960587809075,147.3637117561815,NO TRADE,37.0,time-normalized volume 1.6x; near support; tradable daily range; broad market bull trend,141.44139412190927,145.38960587809075,147.3637117561815,8.0,WEAK / MIXED,38.036809815950924,True,False,False,,,HIGH,CONTRARIAN BID,47.8,False,64.0,21.21212121212121,NO SETUP,38.0,8.0,0.0,20.0,10.0,healthy relative volume; high-quality options; contrarian options bid; skew divergence; bull regime
2026-10-07T23:43:02.434060+00:00,IWM,281.3399963378906,283.0655029296875,291.8760021972656,0.0131627725211874,284.6400146484375,280.760009765625,-0.0445224394069022,277.74,278.25,-0.0109831391843039,-0.0127958924601925,277.925248744691,-0.0006665416169552,5.583772236658854,1.9855914712926657,390,279.0400085449219,277.8699951171875,False,False,0.0003961931896876,True,BULL_TREND,NO TRADE,28.0,volume 5.6x; near support,276.07356,279.40644000000003,281.07288000000005,NO TRADE,18.0,time-normalized volume 2.0x; near support,276.07356,279.40644000000003,281.07288000000005,NO TRADE,26.0,time-normalized volume 2.0x; near support; broad market bull trend,276.07356,279.40644000000003,281.07288000000005,,,,,,,,,HIGH,FEAR,27.7,False,,12.12121212121212,NO SETUP,37.0,8.0,9.0,10.0,10.0,healthy relative volume; above 50D/200D; high-quality options; skew divergence; bull regime
2026-10-07T23:43:02.434060+00:00,MP,48.52999877929688,48.464000129699706,51.336399993896485,0.0490241725438451,48.650001525878906,47.25,-0.1471454507556648,46.35,47.0,-0.0315268662225802,-0.0449206436046083,46.143304444249,0.0044794268256347,11.11730417072352,2.9676326580453547,390,47.1150016784668,46.06999969482422,False,False,0.0069520145381158,False,BULL_TREND,WATCH,51.0,holding above VWAP; volume 11.1x; 15m momentum; enough daily range,46.06999969482422,46.63000030517578,46.91000061035157,NO TRADE,33.0,time-normalized volume 3.0x; controlled 15m momentum; tradable daily range,46.06999969482422,46.63000030517578,46.91000061035157,NO TRADE,49.0,time-normalized volume 3.0x; controlled 15m momentum; tradable daily range; broad market bull trend; tight VWAP proximity; strong time-normalized volume,46.06999969482422,46.63000030517578,46.91000061035157,0.0,WEAK / MIXED,27.607361963190183,False,False,False,,,MEDIUM,CONTRARIAN BID,28.5,True,29.0,5.263157894736842,NO SETUP,36.0,7.0,0.0,16.0,13.0,near VWAP; extreme volume; contrarian options bid; skew divergence; bull regime
2026-10-07T23:43:02.434060+00:00,XOM,164.47999572753906,163.18500137329102,161.09480102539064,0.0202912107419248,165.9499969482422,162.94000244140625,-0.0010959793001509,164.05,165.60000610351562,0.0068094017817939,-0.002614273703237,164.3120756377807,-0.001594987080307,10.185305028692827,1.2547098254390316,390,166.86000061035156,164.77999877929688,False,False,-0.0024020633441302,True,BULL_TREND,NO TRADE,36.0,volume 10.2x; near support,162.88492940722554,165.21507059277448,166.38014118554895,NO TRADE,21.0,trend 2/3; near support; tradable daily range,162.88492940722554,165.21507059277448,166.38014118554895,NO TRADE,29.0,trend 2/3; near support; tradable daily range; broad market bull trend,162.88492940722554,165.21507059277448,166.38014118554895,28.0,WEAK / MIXED,37.42331288343559,True,True,True,,,HIGH,HEDGED RALLY,0.0,True,23.0,80.76923076923077,NO SETUP,35.0,0.0,9.0,13.0,13.0,above 50D/200D; high-quality options; hedged rally; bull regime
2026-10-07T23:43:02.434060+00:00,CVX,207.5800018310547,207.9509994506836,203.48460021972656,0.0196516317655797,208.69000244140625,204.88999938964844,-0.0405032681399106,205.15,208.44000244140625,0.0041429839231406,-0.0117063388073019,205.59486154549205,-0.0021637775484656,26.40137469980725,4.1981712402472695,390,210.13999938964844,206.52999877929688,False,False,-0.0026737819951478,True,BULL_TREND,NO TRADE,32.0,volume 26.4x; near support,203.738963710152,206.56103628984803,207.9720725796961,NO TRADE,37.0,time-normalized volume 4.2x; near support; tradable daily range,203.738963710152,206.56103628984803,207.9720725796961,NO TRADE,49.0,time-normalized volume 4.2x; near support; tradable daily range; broad market bull trend; strong time-normalized volume,203.738963710152,206.56103628984803,207.9720725796961,22.0,WEAK / MIXED,42.94478527607362,True,True,True,,,HIGH,FEAR,11.0,True,23.0,80.76923076923077,NO SETUP,34.0,2.0,9.0,10.0,13.0,extreme volume; above 50D/200D; high-quality options; skew divergence; bull regime
2026-10-07T23:43:02.434060+00:00,CAT,863.4400024414062,814.9654998779297,821.8994018554688,0.0283260622109862,876.9500122070312,851.469970703125,-0.0021212179041747,814.62,846.0,-0.0201982794312216,-0.0565412794211132,816.2605487077458,-0.0020098346175654,12.075071052961697,2.2741769084487173,390,846.0,818.584716796875,False,False,0.0032883647426904,True,BULL_TREND,NO TRADE,35.0,volume 12.1x; near support; enough daily range,806.5437581205903,822.6962418794097,830.7724837588195,NO TRADE,37.0,time-normalized volume 2.3x; controlled 15m momentum; near support; tradable daily range,806.5437581205903,822.6962418794097,830.7724837588195,NO TRADE,49.0,time-normalized volume 2.3x; controlled 15m momentum; near support; tradable daily range; broad market bull trend; strong time-normalized volume,806.5437581205903,822.6962418794097,830.7724837588195,22.0,WEAK / MIXED,64.41717791411043,True,True,True,,,LOW,FEAR,6.3,True,22.0,78.26086956521739,NO SETUP,28.0,8.0,9.0,-2.0,13.0,healthy relative volume; above 50D/200D; bull regime
2026-10-07T23:43:02.434060+00:00,GE,309.3900146484375,315.3839996337891,338.53320068359375,0.024402872989175,310.8500061035156,304.0,-0.0669904044343233,303.6,305.510009765625,-0.0125408212906333,-0.0187142906179978,304.49119641869225,-0.002926838047123,10.883216859192022,3.5435956792622334,390,308.54998779296875,303.6300048828125,False,False,0.0014348339775951,True,BULL_TREND,NO TRADE,28.0,volume 10.9x; near support,301.0069507161703,306.19304928382974,308.78609856765945,NO TRADE,31.0,time-normalized volume 3.5x; near support; tradable daily range,301.0069507161703,306.19304928382974,308.78609856765945,NO TRADE,43.0,time-normalized volume 3.5x; near support; tradable daily range; broad market bull trend; strong time-normalized volume,301.0069507161703,306.19304928382974,308.78609856765945,6.0,WEAK / MIXED,49.079754601227,False,False,True,,,HIGH,FEAR,39.5,True,13.0,28.57142857142857,NO SETUP,28.0,2.0,3.0,10.0,13.0,extreme volume; high-quality options; skew divergence; bull regime
2026-10-07T23:43:02.434060+00:00,CL,87.25,86.508500289917,89.33999969482421,0.0156843237734406,88.05000305175781,86.2300033569336,-0.0093150029103155,87.21,87.6500015258789,0.0045845447092138,-0.0004584527220631,87.54100634233905,-0.003781157610236,7.512625118237033,0.915351075637111,390,88.04840087890625,87.43009948730469,False,False,-0.0016599319027109,True,BULL_TREND,NO TRADE,32.0,volume 7.5x; near support,86.68674,87.73325999999999,88.25651999999998,NO TRADE,15.0,near support; tradable daily range,86.68674,87.73325999999999,88.25651999999998,NO TRADE,23.0,near support; tradable daily range; broad market bull trend,86.68674,87.73325999999999,88.25651999999998,6.0,WEAK / MIXED,46.62576687116564,False,False,True,,,MEDIUM,FEAR,7.8,True,23.0,,NO SETUP,18.0,0.0,3.0,2.0,13.0,bull regime
2026-10-07T23:43:02.434060+00:00,SOUN,5.71999979019165,6.014000034332275,6.555200004577637,0.0392732160665594,5.974999904632568,5.710000038146973,-0.1311728244028773,5.62,5.650000095367432,-0.0122377093342294,-0.0174824814439896,5.649430649870856,-0.0052094895388313,3.089698027471576,1.3161221959614104,390,5.699999809265137,5.630000114440918,False,False,-0.0017762192251591,False,BULL_TREND,NO TRADE,27.0,volume 3.1x; enough daily range,5.542749583997078,5.697250416002922,5.774500832005844,NO TRADE,5.0,tradable daily range,5.542749583997078,5.697250416002922,5.774500832005844,NO TRADE,13.0,tradable daily range; broad market bull trend,5.542749583997078,5.697250416002922,5.774500832005844,0.0,WEAK / MIXED,12.269938650306749,False,False,False,,,,,,,,,NO SETUP,13.0,0.0,0.0,0.0,13.0,bull regime
