generated_at,symbol,prev_close,ma20,ma50,atr_pct,prior_high,prior_low,return_20d,price,session_open,gap,day_change,vwap,vwap_dist,volume_ratio,volume_ratio_tod,minutes_from_open,opening_range_high,opening_range_low,breakout_or,crossed_vwap,momentum_15m,near_support,market_regime,state,score,reason,stop,target_1r,target_2r,v2_state,v2_score,v2_reason,v2_stop,v2_target_1r,v2_target_2r,v3_state,v3_score,v3_reason,v3_stop,v3_target_1r,v3_target_2r
2026-09-29T02:00:12.196796+00:00,ASML,1743.93994140625,1690.2370056152345,1718.04919921875,0.02889720693746437,1759.25,1728.1099853515625,0.044364917509917,1767.1,1747.75,0.0021847418613956116,0.013280307448589435,1762.9598237041378,0.0023484235092567918,3.1950516620289484,0.9957091296786654,390,1765.719970703125,1742.0799560546875,True,False,-0.00274552032018327,False,SIDEWAYS,ENTRY TRIGGERED,74.0,holding above VWAP; opening-range breakout; volume 3.2x; positive 1M trend; enough daily range,1749.2275109672823,1784.9724890327175,1802.844978065435,WATCH,51.0,trend 3/3; confirmed OR breakout; tradable daily range,1749.2275109672823,1784.9724890327175,1802.844978065435,WATCH,55.0,trend 3/3; confirmed OR breakout; tradable daily range; sideways market: neutral; tight VWAP proximity,1749.2275109672823,1784.9724890327175,1802.844978065435
2026-09-29T02:00:12.196796+00:00,CRM,234.02000427246094,246.6709991455078,214.81199981689454,0.036428497609544294,239.3699951171875,233.3800048828125,-0.11222654581069946,227.44,224.97000122070312,-0.03867192071845804,-0.028117272678963245,227.37822846659853,0.0002716686369581556,2.706745061221952,0.9754802373253608,390,227.10000610351562,221.17999267578125,True,True,-4.3952290069593225e-05,False,SIDEWAYS,ENTRY TRIGGERED,71.0,VWAP reclaim; opening-range breakout; volume 2.7x; enough daily range,224.54014587628984,230.33985412371015,233.2397082474203,NO TRADE,39.0,confirmed OR breakout; tradable daily range,224.54014587628984,230.33985412371015,233.2397082474203,NO TRADE,43.0,confirmed OR breakout; tradable daily range; sideways market: neutral; tight VWAP proximity,224.54014587628984,230.33985412371015,233.2397082474203
2026-09-29T02:00:12.196796+00:00,CAT,821.5800170898438,804.2864990234375,828.0268005371094,0.025179715666595055,823.0,809.0499877929688,0.024617322345556136,819.95,821.0499877929688,-0.0006451341145716771,-0.0019840028432257517,819.3693011494232,0.0007087144340924834,6.530273919264782,1.5397797644115354,390,824.0900268554688,817.0050048828125,False,False,0.002837463282086894,True,SIDEWAYS,WATCH,60.0,holding above VWAP; volume 6.5x; near support; positive 1M trend; enough daily range,817.0050048828125,823.2298000000001,826.5096000000001,NO TRADE,41.0,trend 2/3; time-normalized volume 1.5x; controlled 15m momentum; near support; tradable daily range,817.0050048828125,823.2298000000001,826.5096000000001,NO TRADE,45.0,trend 2/3; time-normalized volume 1.5x; controlled 15m momentum; near support; tradable daily range; sideways market: neutral; tight VWAP proximity,817.0050048828125,823.2298000000001,826.5096000000001
2026-09-29T02:00:12.196796+00:00,MP,48.83000183105469,51.14949989318848,50.94799995422363,0.047285046320317776,49.7599983215332,48.132999420166016,-0.17245679887710752,46.92,47.68000030517578,-0.023551126003594214,-0.03911533400434919,46.842523140715905,0.0016539856115640461,3.0192908314666664,0.9515171827350006,390,47.8307991027832,46.95000076293945,False,True,0.010989014312964507,False,SIDEWAYS,WATCH,59.0,VWAP reclaim; volume 3.0x; 15m momentum; enough daily range,46.2162,47.6238,48.327600000000004,NO TRADE,19.0,VWAP reclaim context; controlled 15m momentum; tradable daily range,46.2162,47.6238,48.327600000000004,NO TRADE,23.0,VWAP reclaim context; controlled 15m momentum; tradable daily range; sideways market: neutral; tight VWAP proximity,46.2162,47.6238,48.327600000000004
2026-09-29T02:00:12.196796+00:00,NVO,38.79999923706055,42.787499618530276,45.5679997253418,0.029491915320629315,38.83000183105469,38.40999984741211,-0.15128264489242071,38.74,38.400001525878906,-0.010309219563065741,-0.0015463721195961844,38.58334523104435,0.0040601655459777675,1.7317809738312073,0.6002153943936132,390,38.5099983215332,38.2322998046875,True,False,0.0020718970648760937,True,SIDEWAYS,WATCH,59.0,holding above VWAP; opening-range breakout; volume 1.7x; near support; enough daily range,38.340119120167586,39.13988087983242,39.539761759664835,NO TRADE,43.0,confirmed OR breakout; controlled 15m momentum; near support; tradable daily range,38.340119120167586,39.13988087983242,39.539761759664835,NO TRADE,47.0,confirmed OR breakout; controlled 15m momentum; near support; tradable daily range; sideways market: neutral; tight VWAP proximity,38.340119120167586,39.13988087983242,39.539761759664835
2026-09-29T02:00:12.196796+00:00,XOM,160.58999633789062,162.77300109863282,159.72880096435546,0.024361050325079146,161.7899932861328,159.77999877929688,0.037074834469263296,162.53,162.8000030517578,0.01376179565517388,0.012080476407929419,162.51359526130497,0.00010094379284786292,3.716019426564489,0.48521788356273754,390,163.5399932861328,162.0,False,False,-0.00015374905052034649,True,SIDEWAYS,WATCH,53.0,holding above VWAP; volume 3.7x; near support; positive 1M trend,162.0,163.18012,163.83024,NO TRADE,21.0,trend 2/3; near support; tradable daily range,162.0,163.18012,163.83024,NO TRADE,25.0,trend 2/3; near support; tradable daily range; sideways market: neutral; tight VWAP proximity,162.0,163.18012,163.83024
2026-09-29T02:00:12.196796+00:00,CL,86.05999755859375,87.68999977111817,90.10759979248047,0.017753400970957692,86.13999938964844,85.05000305175781,-0.04661160723893765,86.52,85.6500015258789,-0.004764072093259131,0.005345136584428367,86.39524769697972,0.0014439718195822238,13.3325224624648,1.992920142420163,390,86.01000213623047,85.30000305175781,True,False,3.8799511381526486e-08,False,SIDEWAYS,WATCH,52.0,holding above VWAP; opening-range breakout; volume 13.3x,85.98239151179746,87.05760848820253,87.59521697640507,WATCH,47.0,confirmed OR breakout; time-normalized volume 2.0x; tradable daily range,85.98239151179746,87.05760848820253,87.59521697640507,WATCH,51.0,confirmed OR breakout; time-normalized volume 2.0x; tradable daily range; sideways market: neutral; tight VWAP proximity,85.98239151179746,87.05760848820253,87.59521697640507
2026-09-29T02:00:12.196796+00:00,IWM,281.9700012207031,287.82350463867186,293.72240234375,0.013157444118093574,283.5199890136719,280.4599914550781,-0.05318685033416104,280.22,280.3299865722656,-0.005816273509017145,-0.006206338309490356,280.0572630865895,0.0005810844240101698,4.1883230835611975,1.5231845363650753,390,280.5150146484375,279.4100036621094,False,True,0.0011432872829357787,True,SIDEWAYS,WATCH,50.0,VWAP reclaim; volume 4.2x; near support,279.4100036621094,281.34088,282.46176,NO TRADE,26.0,VWAP reclaim context; time-normalized volume 1.5x; near support,279.4100036621094,281.34088,282.46176,NO TRADE,30.0,VWAP reclaim context; time-normalized volume 1.5x; near support; sideways market: neutral; tight VWAP proximity,279.4100036621094,281.34088,282.46176
2026-09-29T02:00:12.196796+00:00,AMD,630.6300048828125,535.2185028076171,506.95520263671875,0.04154007495593475,639.0,625.52001953125,0.30561882522593375,608.11,624.89501953125,-0.009094057223979046,-0.03571032889086412,607.7335547638919,0.0006194248008148939,1.595233978588298,0.7614780781862431,390,629.5,608.4725952148438,False,False,0.002135702317059396,False,SIDEWAYS,WATCH,48.0,holding above VWAP; volume 1.6x; positive 1M trend; enough daily range,599.2686727564912,616.9513272435088,625.7926544870176,NO TRADE,29.0,trend 3/3; controlled 15m momentum; tradable daily range,599.2686727564912,616.9513272435088,625.7926544870176,NO TRADE,33.0,trend 3/3; controlled 15m momentum; tradable daily range; sideways market: neutral; tight VWAP proximity,599.2686727564912,616.9513272435088,625.7926544870176
2026-09-29T02:00:12.196796+00:00,LLY,1183.4599609375,1151.3159912109375,1177.525,0.023833264804449254,1190.0,1160.8399658203125,0.008658230452781801,1186.7,1180.300048828125,-0.0026700625400726263,0.002737768213073588,1187.3021138700842,-0.0005071277672719088,8.926812501361056,1.6446994756603937,390,1192.958984375,1172.56005859375,False,False,0.0023438571340490544,True,SIDEWAYS,NO TRADE,43.0,volume 8.9x; near support; positive 1M trend,1176.800972629796,1196.599027370204,1206.4980547404082,WATCH,47.0,trend 3/3; time-normalized volume 1.6x; controlled 15m momentum; near support; tradable daily range,1176.800972629796,1196.599027370204,1206.4980547404082,NO TRADE,47.0,trend 3/3; time-normalized volume 1.6x; controlled 15m momentum; near support; tradable daily range; sideways market: neutral,1176.800972629796,1196.599027370204,1206.4980547404082
2026-09-29T02:00:12.196796+00:00,QQQ,744.5,721.8794982910156,713.47759765625,0.013393448580138275,745.9199829101562,739.6400146484375,0.028055827961672053,736.762,740.4550170898438,-0.00543315367381636,-0.010393552719946353,736.7653210840181,-4.507655182894865e-06,3.5641482631113215,1.5483580242769364,390,741.4199829101562,737.219970703125,False,False,0.0012394162455957591,True,SIDEWAYS,NO TRADE,43.0,volume 3.6x; near support; positive 1M trend,732.341428,741.1825719999999,745.6031439999999,NO TRADE,36.0,trend 3/3; time-normalized volume 1.5x; near support,732.341428,741.1825719999999,745.6031439999999,NO TRADE,36.0,trend 3/3; time-normalized volume 1.5x; near support; sideways market: neutral,732.341428,741.1825719999999,745.6031439999999
2026-09-29T02:00:12.196796+00:00,AAPL,341.07000732421875,330.33099975585935,321.9251995849609,0.019799037171830493,341.6700134277344,334.5299987792969,0.05849227705797966,338.41,340.3699951171875,-0.002052400363558915,-0.007799006852250545,340.4306615990719,-0.005935604006937711,2.6713587049258156,0.9938709502875502,390,342.9880065917969,340.1700134277344,False,False,-2.9588757570642166e-05,True,SIDEWAYS,NO TRADE,43.0,volume 2.7x; near support; positive 1M trend,336.0649327407383,340.75506725926175,343.1001345185235,NO TRADE,27.0,trend 3/3; near support; tradable daily range,336.0649327407383,340.75506725926175,343.1001345185235,NO TRADE,27.0,trend 3/3; near support; tradable daily range; sideways market: neutral,336.0649327407383,340.75506725926175,343.1001345185235
2026-09-29T02:00:12.196796+00:00,AMZN,249.6699981689453,253.29199981689453,256.1533999633789,0.02166286376327304,250.8800048828125,247.17999267578125,-0.07611755184025248,246.44,246.32000732421875,-0.01341767480792666,-0.012937069702542492,246.38947886399123,0.00020504583329494785,1.8349798743066394,0.79503548412327,390,246.8699951171875,244.72500610351562,False,True,0.0017886178861787894,True,SIDEWAYS,NO TRADE,42.0,VWAP reclaim; volume 1.8x; near support,244.72500610351562,248.15499389648437,249.86998779296874,NO TRADE,17.0,VWAP reclaim context; near support; tradable daily range,244.72500610351562,248.15499389648437,249.86998779296874,NO TRADE,21.0,VWAP reclaim context; near support; tradable daily range; sideways market: neutral; tight VWAP proximity,244.72500610351562,248.15499389648437,249.86998779296874
2026-09-29T02:00:12.196796+00:00,UNH,376.5899963378906,384.13999938964844,398.4135986328125,0.025196025543064843,379.1700134277344,371.1700134277344,-0.03847824192660776,377.4,376.3599853515625,-0.000610772958827499,0.002150890012974749,377.0125456786444,0.0010276960960493575,11.469419563787257,4.492653045118927,390,380.9800109863281,375.82501220703125,False,False,-7.946553364412967e-05,False,SIDEWAYS,NO TRADE,41.0,holding above VWAP; volume 11.5x; enough daily range,375.82501220703125,378.9749877929687,380.54997558593743,NO TRADE,27.0,time-normalized volume 4.5x; tradable daily range,375.82501220703125,378.9749877929687,380.54997558593743,NO TRADE,35.0,time-normalized volume 4.5x; tradable daily range; sideways market: neutral; tight VWAP proximity; strong time-normalized volume,375.82501220703125,378.9749877929687,380.54997558593743
2026-09-29T02:00:12.196796+00:00,WMT,107.9800033569336,107.3890007019043,109.27339981079102,0.017284954687286535,108.1500015258789,106.44999694824219,0.05470954718590848,108.61,107.9000015258789,-0.0007408948746763233,0.00583438251047208,108.76295536218848,-0.0014063185546873136,2.353255190148257,0.723817515501808,390,109.27999877929688,107.2699966430664,False,False,-0.001700428990844216,True,SIDEWAYS,NO TRADE,39.0,volume 2.4x; near support; positive 1M trend,107.95293837499483,109.26706162500517,109.92412325001034,NO TRADE,21.0,trend 2/3; near support; tradable daily range,107.95293837499483,109.26706162500517,109.92412325001034,NO TRADE,21.0,trend 2/3; near support; tradable daily range; sideways market: neutral,107.95293837499483,109.26706162500517,109.92412325001034
2026-09-29T02:00:12.196796+00:00,RGTI,16.65999984741211,15.622250032424926,16.087000102996825,0.05549218852245835,17.295000076293945,16.360000610351562,0.023091703217045012,15.9968,16.450000762939453,-0.012604987178632898,-0.03980791437492881,16.322138599745642,-0.01993235125149051,1.730072369043072,1.016993099336653,390,16.665000915527344,16.299999237060547,False,False,0.003248686495277653,True,SIDEWAYS,NO TRADE,38.0,volume 1.7x; near support; positive 1M trend; enough daily range,15.756848,16.236752000000003,16.476704,NO TRADE,27.0,trend 2/3; controlled 15m momentum; near support; tradable daily range,15.756848,16.236752000000003,16.476704,NO TRADE,27.0,trend 2/3; controlled 15m momentum; near support; tradable daily range; sideways market: neutral,15.756848,16.236752000000003,16.476704
2026-09-29T02:00:12.196796+00:00,SPY,771.3499755859375,765.1634979248047,762.0121984863281,0.009131495850780333,772.280029296875,766.2899780273438,-0.004861233967709766,765.71,768.3499755859375,-0.003889285142870569,-0.007311824417513213,766.4348895575796,-0.0009457940491174321,3.3515529309238916,0.895180957137805,390,768.6099853515625,766.969970703125,False,False,0.0010982322331571925,True,SIDEWAYS,NO TRADE,36.0,volume 3.4x; near support,761.1157400000001,770.30426,774.89852,NO TRADE,16.0,trend 2/3; near support,761.1157400000001,770.30426,774.89852,NO TRADE,16.0,trend 2/3; near support; sideways market: neutral,761.1157400000001,770.30426,774.89852
2026-09-29T02:00:12.196796+00:00,SNDK,1777.800048828125,1675.1842468261718,1523.9202954101563,0.05813376051827197,1815.0,1742.5899658203125,0.1534768395380961,1709.23,1735.1436767578125,-0.023993908706679612,-0.03857016927934298,1703.2297780140877,0.0035228493908252556,0.9300853895179149,0.660675916169146,390,1762.0,1705.6600341796875,False,False,-0.0038639431003480995,False,SIDEWAYS,NO TRADE,36.0,holding above VWAP; positive 1M trend; enough daily range,1705.6600341796875,1716.06692,1722.90384,NO TRADE,23.0,trend 3/3; tradable daily range,1705.6600341796875,1716.06692,1722.90384,NO TRADE,27.0,trend 3/3; tradable daily range; sideways market: neutral; tight VWAP proximity,1705.6600341796875,1716.06692,1722.90384
2026-09-29T02:00:12.196796+00:00,AVGO,352.80999755859375,357.07099609375,376.19999938964844,0.027507710548825594,354.42999267578125,349.42999267578125,-0.052116382698480734,349.5,352.57501220703125,-0.0006660393786700469,-0.00938181338822186,350.79207494032096,-0.003683307100198263,2.7449996590407775,1.0032129189857444,390,355.8500061035156,351.03009033203125,False,False,0.000558272364574286,True,SIDEWAYS,NO TRADE,35.0,volume 2.7x; near support; enough daily range,346.1351193071149,352.8648806928851,356.2297613857702,NO TRADE,9.0,near support; tradable daily range,346.1351193071149,352.8648806928851,356.2297613857702,NO TRADE,9.0,near support; tradable daily range; sideways market: neutral,346.1351193071149,352.8648806928851,356.2297613857702
2026-09-29T02:00:12.196796+00:00,GE,327.0899963378906,323.17149810791017,344.12599975585937,0.027882259617406334,329.1700134277344,319.6400146484375,-0.07104909011594063,318.24,321.4599914550781,-0.017212403148510247,-0.027056762472027374,318.4476337289956,-0.0006520184388377759,2.7286052251540758,0.6950061586314152,390,323.0003967285156,315.239990234375,False,False,0.0017864771883200348,True,SIDEWAYS,NO TRADE,35.0,volume 2.7x; near support; enough daily range,315.239990234375,321.240009765625,324.24001953125,NO TRADE,9.0,near support; tradable daily range,315.239990234375,321.240009765625,324.24001953125,NO TRADE,9.0,near support; tradable daily range; sideways market: neutral,315.239990234375,321.240009765625,324.24001953125
2026-09-29T02:00:12.196796+00:00,NVDA,225.07000732421875,222.31999969482422,216.4979995727539,0.022976971063497147,226.94000244140625,223.1300048828125,0.051988036772874446,229.0487,229.6999969482422,0.0205713310230351,0.017677578292561336,230.71808055202325,-0.007235586166584929,2.4107094391794632,0.9270628605292085,390,233.2100067138672,229.49749755859375,False,False,0.003674691609916181,False,SIDEWAYS,NO TRADE,35.0,volume 2.4x; positive 1M trend,227.20670412678894,230.89069587321106,232.73269174642212,NO TRADE,29.0,trend 3/3; controlled 15m momentum; tradable daily range,227.20670412678894,230.89069587321106,232.73269174642212,NO TRADE,29.0,trend 3/3; controlled 15m momentum; tradable daily range; sideways market: neutral,227.20670412678894,230.89069587321106,232.73269174642212
2026-09-29T02:00:12.196796+00:00,GS,935.4500122070312,982.0255065917969,1017.7348034667968,0.02978704149496689,935.8300170898438,915.2999877929688,-0.1138405226832212,916.24,930.9400024414062,-0.004821219420356182,-0.02053558389689747,919.4311300291864,-0.0034707656995310865,2.1542475671373063,0.5458006371650437,390,932.0,920.5900268554688,False,False,0.0002074255876463038,True,SIDEWAYS,NO TRADE,35.0,volume 2.2x; near support; enough daily range,906.6877723852281,925.792227614772,935.3444552295439,NO TRADE,9.0,near support; tradable daily range,906.6877723852281,925.792227614772,935.3444552295439,NO TRADE,9.0,near support; tradable daily range; sideways market: neutral,906.6877723852281,925.792227614772,935.3444552295439
2026-09-29T02:00:12.196796+00:00,MSFT,516.1699829101562,499.8249984741211,478.1195989990234,0.02181452122193022,519.4000244140625,497.25,-0.008392942632922895,509.34,505.42498779296875,-0.020816776397200476,-0.013232042033225144,508.5107294087023,0.0016307828789807743,1.613527542837567,0.8783029169769276,390,509.8399963378906,502.2200012207031,False,False,0.00022582138564697374,False,SIDEWAYS,NO TRADE,34.0,holding above VWAP; volume 1.6x,505.4511471162877,513.2288528837123,517.1177057674245,NO TRADE,17.0,trend 2/3; tradable daily range,505.4511471162877,513.2288528837123,517.1177057674245,NO TRADE,21.0,trend 2/3; tradable daily range; sideways market: neutral; tight VWAP proximity,505.4511471162877,513.2288528837123,517.1177057674245
2026-09-29T02:00:12.196796+00:00,META,751.6599731445312,667.7394958496094,617.1385961914062,0.04158035683183028,769.5700073242188,746.5399780273438,0.2380539962915562,714.71,750.4249877929688,-0.0016430106639788722,-0.04915782995594786,722.9941431203374,-0.011458105434415056,1.5054869740413603,0.9925617019948991,390,750.5759887695312,720.1400756835938,False,False,0.00021692847409582328,False,SIDEWAYS,NO TRADE,34.0,volume 1.5x; positive 1M trend; enough daily range,704.3087361090529,725.1112638909472,735.5125277818943,NO TRADE,23.0,trend 3/3; tradable daily range,704.3087361090529,725.1112638909472,735.5125277818943,NO TRADE,23.0,trend 3/3; tradable daily range; sideways market: neutral,704.3087361090529,725.1112638909472,735.5125277818943
2026-09-29T02:00:12.196796+00:00,GOOGL,343.9200134277344,341.981999206543,344.20999816894533,0.02584696562856867,347.0299987792969,341.1099853515625,-0.011079362873898435,342.89,340.70001220703125,-0.009362645658827606,-0.0029949214570812455,341.5851032369602,0.003820121986217284,1.3686825434745107,0.5430233116991046,390,343.5899963378906,340.2701110839844,False,False,0.0008756930013025244,True,SIDEWAYS,NO TRADE,33.0,holding above VWAP; near support; enough daily range,340.2701110839844,345.5098889160156,348.1297778320312,NO TRADE,15.0,near support; tradable daily range,340.2701110839844,345.5098889160156,348.1297778320312,NO TRADE,19.0,near support; tradable daily range; sideways market: neutral; tight VWAP proximity,340.2701110839844,345.5098889160156,348.1297778320312
2026-09-29T02:00:12.196796+00:00,CVX,204.4499969482422,209.49699935913085,201.46399993896483,0.023079341279617648,206.5399932861328,203.39999389648438,0.02234219009808447,206.37,207.0,0.012472502273518593,0.00939106422312097,206.66878440637976,-0.00144571618417344,8.90057588841576,2.1962777048008917,390,207.69000244140625,206.10000610351562,False,False,4.8456045836697825e-05,False,SIDEWAYS,NO TRADE,31.0,volume 8.9x; positive 1M trend,206.10000610351562,207.19548,208.02096,NO TRADE,39.0,trend 2/3; time-normalized volume 2.2x; tradable daily range,206.10000610351562,207.19548,208.02096,NO TRADE,43.0,trend 2/3; time-normalized volume 2.2x; tradable daily range; sideways market: neutral; strong time-normalized volume,206.10000610351562,207.19548,208.02096
2026-09-29T02:00:12.196796+00:00,TSLA,372.1099853515625,366.11949768066404,347.7807983398437,0.030004569254075127,386.8299865722656,367.6700134277344,0.024946271561379962,357.3754,368.05999755859375,-0.01088384604659931,-0.03959739306012311,360.6715251834814,-0.009138856142870022,1.887865779082275,1.5380513658348984,390,369.4200134277344,360.7200012207031,False,False,-6.881336570896401e-05,False,SIDEWAYS,NO TRADE,30.0,volume 1.9x; positive 1M trend; enough daily range,353.62238677134906,361.12841322865097,364.8814264573019,NO TRADE,31.0,trend 2/3; time-normalized volume 1.5x; tradable daily range,353.62238677134906,361.12841322865097,364.8814264573019,NO TRADE,31.0,trend 2/3; time-normalized volume 1.5x; tradable daily range; sideways market: neutral,353.62238677134906,361.12841322865097,364.8814264573019
2026-09-29T02:00:12.196796+00:00,PLTR,189.6699981689453,178.46199951171874,165.0287991333008,0.030226180126024967,194.21400451660156,189.35000610351562,0.006387903184785992,187.2986,186.2310028076172,-0.018131467256433997,-0.01250275843221671,188.10359872169442,-0.004279549818105521,1.2489541396366333,0.7257042525785347,390,189.60000610351562,185.6199951171875,False,False,-0.0003143624862679273,True,SIDEWAYS,NO TRADE,30.0,near support; positive 1M trend; enough daily range,185.6199951171875,188.9772048828125,190.65580976562498,NO TRADE,27.0,trend 3/3; near support; tradable daily range,185.6199951171875,188.9772048828125,190.65580976562498,NO TRADE,27.0,trend 3/3; near support; tradable daily range; sideways market: neutral,185.6199951171875,188.9772048828125,190.65580976562498
2026-09-29T02:00:12.196796+00:00,JPM,343.05999755859375,350.21000213623046,353.25359985351565,0.021135413731880895,343.30999755859375,338.6400146484375,-0.058805433327086765,336.9296,341.8299865722656,-0.003585410700989833,-0.017869753402381727,338.28496559756155,-0.004006579468192939,3.3875576998635197,0.639149372266576,390,342.0,338.2799987792969,False,False,0.0005927271320047556,True,SIDEWAYS,NO TRADE,28.0,volume 3.4x; near support,334.437198726919,339.422001273081,341.91440254616197,NO TRADE,9.0,near support; tradable daily range,334.437198726919,339.422001273081,341.91440254616197,NO TRADE,9.0,near support; tradable daily range; sideways market: neutral,334.437198726919,339.422001273081,341.91440254616197
2026-09-29T02:00:12.196796+00:00,BAC,56.70000076293945,59.68600006103516,61.42359977722168,0.024628358962719525,56.75,55.869998931884766,-0.10991653574558657,55.45,56.415000915527344,-0.005026452267676063,-0.022045868538267843,55.867755202223975,-0.007477572719931658,2.0875093881204427,0.6458371031321397,390,56.66999816894531,56.25,False,False,0.00018039995560537037,True,SIDEWAYS,NO TRADE,28.0,volume 2.1x; near support,54.972025123431024,55.92797487656898,56.40594975313796,NO TRADE,9.0,near support; tradable daily range,54.972025123431024,55.92797487656898,56.40594975313796,NO TRADE,9.0,near support; tradable daily range; sideways market: neutral,54.972025123431024,55.92797487656898,56.40594975313796
2026-09-29T02:00:12.196796+00:00,SOUN,6.050000190734863,6.3309999942779545,6.622699975967407,0.0382526525262404,6.170000076293945,6.019999980926514,-0.18002815552348772,5.83,5.940000057220459,-0.018181839677106404,-0.03636366674364366,5.916782051676423,-0.014667102982411584,6.362504546804695,2.235507855796174,390,6.010000228881836,5.889999866485596,False,False,-0.001712354850446185,False,SIDEWAYS,NO TRADE,27.0,volume 6.4x; enough daily range,5.751945462520206,5.908054537479794,5.986109074959588,NO TRADE,27.0,time-normalized volume 2.2x; tradable daily range,5.751945462520206,5.908054537479794,5.986109074959588,NO TRADE,31.0,time-normalized volume 2.2x; tradable daily range; sideways market: neutral; strong time-normalized volume,5.751945462520206,5.908054537479794,5.986109074959588
2026-09-29T02:00:12.196796+00:00,NFLX,71.1500015258789,76.12150077819824,75.54259994506836,0.028792281960357144,71.83999633789062,70.9800033569336,-0.152838933886424,69.1817,71.55000305175781,0.005621946834862834,-0.027664110803468978,69.59830257617833,-0.0059858151816609695,3.616893285615264,1.2253933266329775,390,71.58000183105469,69.84500122070312,False,False,0.0014721795924967918,False,SIDEWAYS,NO TRADE,27.0,volume 3.6x; enough daily range,68.48453534548611,69.8788646545139,70.5760293090278,NO TRADE,5.0,tradable daily range,68.48453534548611,69.8788646545139,70.5760293090278,NO TRADE,5.0,tradable daily range; sideways market: neutral,68.48453534548611,69.8788646545139,70.5760293090278
2026-09-29T02:00:12.196796+00:00,COST,922.77001953125,911.0704925537109,934.086396484375,0.015520820584978369,925.1400146484375,883.0999755859375,-0.023850559501322754,923.0,924.875,0.0022811539432319172,0.0002492283709725207,924.4355968401173,-0.0015529441369679375,1.795251346000082,0.6506521557536485,390,928.8699951171875,913.0,False,False,-1.626696012435591e-05,True,SIDEWAYS,NO TRADE,24.0,volume 1.8x; near support,917.462,928.538,934.076,NO TRADE,15.0,near support; tradable daily range,917.462,928.538,934.076,NO TRADE,15.0,near support; tradable daily range; sideways market: neutral,917.462,928.538,934.076
2026-09-29T02:00:12.196796+00:00,MU,1082.280029296875,1000.1985015869141,945.7158020019531,0.041799992446295786,1108.719970703125,1073.0,0.12983727142240054,1052.5,1075.5999755859375,-0.0061722045405173676,-0.027516011097628912,1053.0023498114017,-0.00047706428337190854,1.2354232405019432,0.7002410290728426,390,1084.81005859375,1055.4000244140625,False,False,0.0007748911136378211,False,SIDEWAYS,NO TRADE,22.0,positive 1M trend; enough daily range,1037.1019277825958,1067.8980722174042,1083.2961444348084,NO TRADE,23.0,trend 3/3; tradable daily range,1037.1019277825958,1067.8980722174042,1083.2961444348084,NO TRADE,23.0,trend 3/3; tradable daily range; sideways market: neutral,1037.1019277825958,1067.8980722174042,1083.2961444348084
2026-09-29T02:00:12.196796+00:00,NBIS,237.3300018310547,223.1270004272461,216.6584002685547,0.06314385113955684,246.9199981689453,235.41099548339844,0.1085190410261423,232.17,235.0019989013672,-0.009809138801358586,-0.02174188594465143,235.3148724852725,-0.013364529203182207,0.8093111407453232,0.5959940217619041,390,245.35000610351562,233.5,False,False,0.0016826353557559681,False,SIDEWAYS,NO TRADE,22.0,positive 1M trend; enough daily range,228.68744999999998,235.65255,239.1351,NO TRADE,18.0,trend 3/3,228.68744999999998,235.65255,239.1351,NO TRADE,18.0,trend 3/3; sideways market: neutral,228.68744999999998,235.65255,239.1351
2026-09-29T02:00:12.196796+00:00,ORCL,137.10000610351562,147.7220001220703,142.36899993896483,0.05284985578004398,140.8800048828125,136.9199981689453,-0.12098110216499802,132.57,132.72500610351562,-0.03191101243786021,-0.03304161854008458,133.17792869128712,-0.00456478560119622,1.658301892803075,0.47323560715558505,390,135.69000244140625,132.5,False,False,-0.001844689507229047,False,SIDEWAYS,NO TRADE,19.0,volume 1.7x; enough daily range,132.5,133.10028,133.63056,NO TRADE,5.0,tradable daily range,132.5,133.10028,133.63056,NO TRADE,5.0,tradable daily range; sideways market: neutral,132.5,133.10028,133.63056
