trade_id,strategy,symbol,entry_time,exit_time,entry_price,exit_price,qty,pnl,pnl_pct,exit_reason,signal_score,market_regime
V1-MSFT-88790cefce30,V1,MSFT,2026-09-21T22:33:21.565232+00:00,2026-09-22T17:36:04.519017+00:00,502.0412,496.2074,1,-5.83,-0.01162,STOP,75.0,BULL_TREND
V1-WMT-52d323a7e481,V1,WMT,2026-09-21T22:33:21.565642+00:00,2026-09-22T17:36:04.519214+00:00,107.4352,109.8031,9,21.31,0.022041,TARGET_1R,71.0,BULL_TREND
V2-WMT-d93cf4dcd822,V2,WMT,2026-09-21T22:33:21.570149+00:00,2026-09-22T17:36:04.519284+00:00,107.4352,109.8031,9,21.31,0.022041,TARGET_1R,71.0,BULL_TREND
V2-AMZN-577c7e40b710,V2,AMZN,2026-09-21T22:33:21.570251+00:00,2026-09-22T17:36:04.519326+00:00,258.4308,253.7572,3,-14.02,-0.018084,STOP,63.0,BULL_TREND
V3-WMT-f97aba756f3d,V3,WMT,2026-09-21T22:33:21.573495+00:00,2026-09-22T17:36:04.519374+00:00,107.4352,109.8031,9,21.31,0.022041,TARGET_1R,87.0,BULL_TREND
V3-AMZN-d908e2058d96,V3,AMZN,2026-09-21T22:33:21.573597+00:00,2026-09-22T17:36:04.519409+00:00,258.4308,253.7572,3,-14.02,-0.018084,STOP,75.0,BULL_TREND
V1-PLTR-45cc277104ed,V1,PLTR,2026-09-21T22:33:21.565019+00:00,2026-09-23T17:47:47.326720+00:00,183.3973,191.1161,5,38.59,0.042088,TARGET_1R,84.0,BULL_TREND
V1-SPY-b30b5119dc42,V1,SPY,2026-09-21T22:33:21.565374+00:00,2026-09-23T17:47:47.327003+00:00,773.7112,767.932,1,-5.78,-0.007469,STOP,75.0,BULL_TREND
V1-NVDA-91067033cc8f,V1,NVDA,2026-09-21T22:33:21.565505+00:00,2026-09-23T17:47:47.327137+00:00,227.5584,225.0623,4,-9.98,-0.010969,STOP,74.0,BULL_TREND
V2-PLTR-609565c380bb,V2,PLTR,2026-09-21T22:33:21.569793+00:00,2026-09-23T17:47:47.327268+00:00,183.3973,191.1161,5,38.59,0.042088,TARGET_1R,79.0,BULL_TREND
V2-NVDA-3197bfa6a813,V2,NVDA,2026-09-21T22:33:21.569910+00:00,2026-09-23T17:47:47.327377+00:00,227.5584,225.0623,4,-9.98,-0.010969,STOP,73.0,BULL_TREND
V3-PLTR-8243149410d8,V3,PLTR,2026-09-21T22:33:21.573147+00:00,2026-09-23T17:47:47.327505+00:00,183.3973,191.1161,5,38.59,0.042088,TARGET_1R,95.0,BULL_TREND
V3-NVDA-6eb95c45c745,V3,NVDA,2026-09-21T22:33:21.573279+00:00,2026-09-23T17:47:47.327609+00:00,227.5584,225.0623,4,-9.98,-0.010969,STOP,89.0,BULL_TREND
V1-WMT-a6f46717c145,V1,WMT,2026-09-22T21:06:27.229551+00:00,2026-09-24T17:49:23.088438+00:00,110.1999,108.2891,9,-17.2,-0.017339,STOP,75.0,BULL_TREND
V1-CAT-3daad1127731,V1,CAT,2026-09-23T21:20:56.265058+00:00,2026-09-24T17:49:23.088674+00:00,812.5884,802.9225,1,-9.67,-0.011895,STOP,78.0,BULL_TREND
V2-WMT-15b008c8e65f,V2,WMT,2026-09-22T21:06:27.233082+00:00,2026-09-24T17:49:23.088796+00:00,110.1999,108.2891,9,-17.2,-0.017339,STOP,77.0,BULL_TREND
V2-CAT-375b2f9e5855,V2,CAT,2026-09-23T21:20:56.267938+00:00,2026-09-24T17:49:23.088896+00:00,812.5884,802.9225,1,-9.67,-0.011895,STOP,71.0,BULL_TREND
V3-WMT-bc4726787715,V3,WMT,2026-09-22T21:06:27.235618+00:00,2026-09-24T17:49:23.089023+00:00,110.1999,108.2891,9,-17.2,-0.017339,STOP,93.0,BULL_TREND
V3-CAT-ecb8a8067d2a,V3,CAT,2026-09-23T21:20:56.270956+00:00,2026-09-24T17:49:23.089123+00:00,812.5884,802.9225,1,-9.67,-0.011895,STOP,87.0,BULL_TREND
V3-COST-3b57cbc8722b,V3,COST,2026-09-23T21:20:56.271077+00:00,2026-09-24T17:49:23.089210+00:00,906.6042,897.3314,1,-9.27,-0.010228,STOP,72.0,BULL_TREND
V2-AAPL-a531f5727a3c,V2,AAPL,2026-09-21T22:33:21.570011+00:00,2026-09-24T21:22:17.436396+00:00,339.0872,335.6947,2,-6.78,-0.010005,STOP,73.0,BULL_TREND
V3-AAPL-1b867d10c3d7,V3,AAPL,2026-09-21T22:33:21.573391+00:00,2026-09-24T21:22:17.436655+00:00,339.0872,335.6947,2,-6.78,-0.010005,STOP,89.0,BULL_TREND
V1-SPY-e58bc71cd258,V1,SPY,2026-09-24T21:22:17.441970+00:00,2026-09-25T17:52:43.319135+00:00,767.3968,770.2804,1,2.88,0.003758,TARGET_1R,75.0,BULL_TREND
V1-QQQ-a8a1f495477b,V1,QQQ,2026-09-24T21:22:17.442126+00:00,2026-09-25T17:52:43.319386+00:00,740.8492,744.3086,1,3.46,0.00467,TARGET_1R,75.0,BULL_TREND
V2-MSFT-15c162bf5c4a,V2,MSFT,2026-09-24T21:22:17.445693+00:00,2026-09-25T17:52:43.319535+00:00,497.3179,516.4582,2,38.28,0.038487,TARGET_1R,71.0,BULL_TREND
V2-CAT-68a6a05a3ac7,V2,CAT,2026-09-24T21:22:17.445900+00:00,2026-09-25T17:52:43.319658+00:00,805.2133,814.9991,1,9.79,0.012153,TARGET_1R,65.0,BULL_TREND
V2-META-d0e0bf7718fa,V2,META,2026-09-24T21:22:17.445994+00:00,2026-09-25T17:52:43.319804+00:00,777.4138,751.1938,1,-26.22,-0.033727,STOP,65.0,BULL_TREND
V3-MSFT-246389cd5678,V3,MSFT,2026-09-24T21:22:17.449562+00:00,2026-09-25T17:52:43.319921+00:00,497.3179,516.4582,2,38.28,0.038487,TARGET_1R,87.0,BULL_TREND
V3-CAT-870caadc647e,V3,CAT,2026-09-24T21:22:17.449792+00:00,2026-09-25T17:52:43.320054+00:00,805.2133,814.9991,1,9.79,0.012153,TARGET_1R,81.0,BULL_TREND
V3-META-de688ae9a34a,V3,META,2026-09-24T21:22:17.449905+00:00,2026-09-25T17:52:43.320182+00:00,777.4138,751.1938,1,-26.22,-0.033727,STOP,77.0,BULL_TREND
V1-AMD-ae3bfcacba01,V1,AMD,2026-09-22T21:06:27.229733+00:00,2026-09-28T20:04:24.934386+00:00,623.5862,607.8696,1,-15.72,-0.025204,STOP,74.0,BULL_TREND
V1-NVDA-ee4261b826d0,V1,NVDA,2026-09-24T21:22:17.441847+00:00,2026-09-28T20:04:24.934529+00:00,224.6061,228.8482,4,16.97,0.018887,TARGET_1R,75.0,BULL_TREND
V1-SPY-f1ebbc9b00c1,V1,SPY,2026-09-25T21:21:33.607821+00:00,2026-09-28T20:04:24.934577+00:00,772.04,765.114,1,-6.93,-0.008971,STOP,75.0,BULL_TREND
V1-GE-a72d3ec92463,V1,GE,2026-09-25T21:21:33.607900+00:00,2026-09-28T20:04:24.934612+00:00,326.9887,318.0172,3,-26.91,-0.027437,STOP,71.0,BULL_TREND
V2-AMD-1f649e27b6b9,V2,AMD,2026-09-22T21:06:27.233247+00:00,2026-09-28T20:04:24.934645+00:00,623.5862,607.8696,1,-15.72,-0.025204,STOP,65.0,BULL_TREND
V2-NVDA-7341f3d7e632,V2,NVDA,2026-09-24T21:22:17.445803+00:00,2026-09-28T20:04:24.934675+00:00,224.6061,228.8482,4,16.97,0.018887,TARGET_1R,69.0,BULL_TREND
V2-AAPL-3b4b7754707d,V2,AAPL,2026-09-25T21:21:33.609342+00:00,2026-09-28T20:04:24.934702+00:00,341.2144,338.2531,2,-5.92,-0.008679,STOP,73.0,BULL_TREND
V2-GE-b15c59e843b6,V2,GE,2026-09-25T21:21:33.609401+00:00,2026-09-28T20:04:24.934727+00:00,326.9887,318.0172,3,-26.91,-0.027437,STOP,65.0,BULL_TREND
V3-AMD-0da9cb1f3ce3,V3,AMD,2026-09-22T21:06:27.235732+00:00,2026-09-28T20:04:24.934753+00:00,623.5862,607.8696,1,-15.72,-0.025204,STOP,77.0,BULL_TREND
V3-NVDA-b3d2ba2a462c,V3,NVDA,2026-09-24T21:22:17.449684+00:00,2026-09-28T20:04:24.934779+00:00,224.6061,228.8482,4,16.97,0.018887,TARGET_1R,81.0,BULL_TREND
V3-AAPL-cc273b6500f2,V3,AAPL,2026-09-25T21:21:33.610737+00:00,2026-09-28T20:04:24.934804+00:00,341.2144,338.2531,2,-5.92,-0.008679,STOP,89.0,BULL_TREND
V3-GE-febeec11d912,V3,GE,2026-09-25T21:21:33.610796+00:00,2026-09-28T20:04:24.934851+00:00,326.9887,318.0172,3,-26.91,-0.027437,STOP,81.0,BULL_TREND
V3-GS-5d0de7bbc2fd,V3,GS,2026-09-25T21:21:33.610837+00:00,2026-09-28T20:04:24.934880+00:00,935.8246,915.9084,1,-19.92,-0.021282,STOP,71.0,BULL_TREND
V1-GOOGL-019b071d4b14,V1,GOOGL,2026-09-24T21:22:17.441703+00:00,2026-09-30T18:21:07.051429+00:00,342.3995,348.6758,2,12.55,0.01833,TARGET_1R,78.0,BULL_TREND
V1-CRM-f5df008beb72,V1,CRM,2026-09-29T02:00:18.621260+00:00,2026-10-01T18:46:19.253382+00:00,227.5992,235.4801,4,31.52,0.034626,TARGET_1R,71.0,SIDEWAYS
V1-MP-79d1d3ea8704,V1,MP,2026-09-30T22:31:32.560117+00:00,2026-10-01T18:46:19.253604+00:00,48.0136,45.643,20,-47.41,-0.049373,STOP,77.0,SIDEWAYS
V1-GOOGL-51ac8703fc8c,V1,GOOGL,2026-09-30T22:31:32.560275+00:00,2026-10-01T18:46:19.253730+00:00,352.1764,338.1781,2,-28.0,-0.039748,STOP,74.0,SIDEWAYS
V1-TSLA-8f45171e4202,V1,TSLA,2026-09-30T22:31:32.560433+00:00,2026-10-02T18:18:43.806461+00:00,355.0784,370.9701,2,31.78,0.044756,TARGET_1R,71.0,SIDEWAYS
V1-CAT-fb1597f45413,V1,CAT,2026-10-01T23:03:38.538932+00:00,2026-10-02T18:18:43.806787+00:00,826.9284,848.4857,1,21.56,0.026069,TARGET_1R,82.0,SIDEWAYS
V2-TSLA-10cb8b56a0ac,V2,TSLA,2026-09-30T22:31:32.563581+00:00,2026-10-02T18:18:43.806966+00:00,355.0784,370.9701,2,31.78,0.044756,TARGET_1R,71.0,SIDEWAYS
V2-CAT-6be2226213fd,V2,CAT,2026-10-01T23:03:38.542126+00:00,2026-10-02T18:18:43.807119+00:00,826.9284,848.4857,1,21.56,0.026069,TARGET_1R,69.0,SIDEWAYS
V3-TSLA-dd35bad1beea,V3,TSLA,2026-09-30T22:31:32.565902+00:00,2026-10-02T18:18:43.807259+00:00,355.0784,370.9701,2,31.78,0.044756,TARGET_1R,79.0,SIDEWAYS
V3-CAT-8c358575cff4,V3,CAT,2026-10-01T23:03:38.544586+00:00,2026-10-02T18:18:43.807403+00:00,826.9284,848.4857,1,21.56,0.026069,TARGET_1R,73.0,SIDEWAYS
V1-AVGO-55721bda4217,V1,AVGO,2026-10-02T22:29:01.350319+00:00,2026-10-06T01:51:51.906423+00:00,355.4176,362.1563,2,13.48,0.01896,TARGET_1R,71.0,SIDEWAYS
V2-AVGO-0d1b1500f039,V2,AVGO,2026-10-02T22:29:01.353728+00:00,2026-10-06T01:51:51.906724+00:00,355.4176,362.1563,2,13.48,0.01896,TARGET_1R,65.0,SIDEWAYS
V3-AVGO-889ac8f81c00,V3,AVGO,2026-10-02T22:29:01.356118+00:00,2026-10-06T01:51:51.906897+00:00,355.4176,362.1563,2,13.48,0.01896,TARGET_1R,73.0,SIDEWAYS
V1-XOM-257bd7ccb778,V1,XOM,2026-10-01T23:03:38.539067+00:00,2026-10-06T18:52:08.984740+00:00,163.9347,165.2492,6,7.89,0.008019,TARGET_1R,68.0,SIDEWAYS
V1-SPY-3addf4d17cc5,V1,SPY,2026-10-06T01:51:51.910975+00:00,2026-10-06T18:52:08.985111+00:00,775.0922,779.524,1,4.43,0.005718,TARGET_1R,75.0,BULL_TREND
V1-QQQ-fb383c023722,V1,QQQ,2026-10-06T01:51:51.911088+00:00,2026-10-06T18:52:08.985253+00:00,756.6793,760.3174,1,3.64,0.004808,TARGET_1R,75.0,BULL_TREND
V1-CAT-94b15a2e6052,V1,CAT,2026-10-06T01:51:51.911187+00:00,2026-10-06T18:52:08.985365+00:00,850.9953,865.099,1,14.1,0.016573,TARGET_1R,74.0,BULL_TREND
V2-XOM-b69e36e9096b,V2,XOM,2026-10-01T23:03:38.542015+00:00,2026-10-06T18:52:08.985478+00:00,163.9347,165.2492,6,7.89,0.008019,TARGET_1R,71.0,SIDEWAYS
V2-CAT-cf4e46975bfc,V2,CAT,2026-10-06T01:51:51.914392+00:00,2026-10-06T18:52:08.985592+00:00,850.9953,865.099,1,14.1,0.016573,TARGET_1R,71.0,BULL_TREND
V3-XOM-4069bbdc3fd5,V3,XOM,2026-10-01T23:03:38.544479+00:00,2026-10-06T18:52:08.985699+00:00,163.9347,165.2492,6,7.89,0.008019,TARGET_1R,79.0,SIDEWAYS
V3-CAT-a6cf05c48a35,V3,CAT,2026-10-06T01:51:51.917817+00:00,2026-10-06T18:52:08.985806+00:00,850.9953,865.099,1,14.1,0.016573,TARGET_1R,83.0,BULL_TREND
V1-AAPL-512d7b87e797,V1,AAPL,2026-10-02T22:29:01.350179+00:00,2026-10-07T19:17:17.907127+00:00,333.7735,336.954,2,6.36,0.009529,TARGET_1R,75.0,SIDEWAYS
V1-COST-3653d3e2faac,V1,COST,2026-10-06T22:57:47.147936+00:00,2026-10-07T19:17:17.907272+00:00,935.6545,942.6747,1,7.02,0.007503,TARGET_1R,75.0,BULL_TREND
V1-WMT-99072d2ba1a5,V1,WMT,2026-10-06T22:57:47.148046+00:00,2026-10-07T19:17:17.907320+00:00,107.275,108.1741,9,8.09,0.008381,TARGET_1R,71.0,BULL_TREND
V2-AAPL-c82b2e508495,V2,AAPL,2026-10-02T22:29:01.353618+00:00,2026-10-07T19:17:17.907361+00:00,333.7735,336.954,2,6.36,0.009529,TARGET_1R,69.0,SIDEWAYS
V2-AVGO-4bb704fb0095,V2,AVGO,2026-10-06T18:52:08.994203+00:00,2026-10-07T19:17:17.907392+00:00,378.7049,372.8089,2,-11.79,-0.015569,STOP,65.0,BULL_TREND
V2-CVX-22a8f28a0b02,V2,CVX,2026-10-06T22:57:47.150459+00:00,2026-10-07T19:17:17.907423+00:00,207.7253,206.0157,4,-6.84,-0.00823,STOP,65.0,BULL_TREND
V2-WMT-8dac8337ad01,V2,WMT,2026-10-06T22:57:47.150549+00:00,2026-10-07T19:17:17.907452+00:00,107.275,108.1741,9,8.09,0.008381,TARGET_1R,63.0,BULL_TREND
V2-COST-cc1463e55658,V2,COST,2026-10-07T01:35:41.424299+00:00,2026-10-07T19:17:17.907479+00:00,935.6545,942.6747,1,7.02,0.007503,TARGET_1R,77.0,BULL_TREND
V3-AAPL-ee692779a356,V3,AAPL,2026-10-02T22:29:01.356001+00:00,2026-10-07T19:17:17.907508+00:00,333.7735,336.954,2,6.36,0.009529,TARGET_1R,73.0,SIDEWAYS
V3-AVGO-bdb4bea2c647,V3,AVGO,2026-10-06T18:52:08.997038+00:00,2026-10-07T19:17:17.907536+00:00,378.7049,372.8089,2,-11.79,-0.015569,STOP,77.0,BULL_TREND
V3-CVX-232c07375596,V3,CVX,2026-10-06T22:57:47.152782+00:00,2026-10-07T19:17:17.907562+00:00,207.7253,206.0157,4,-6.84,-0.00823,STOP,81.0,BULL_TREND
V3-WMT-ec19aae67eca,V3,WMT,2026-10-06T22:57:47.152884+00:00,2026-10-07T19:17:17.907587+00:00,107.275,108.1741,9,8.09,0.008381,TARGET_1R,75.0,BULL_TREND
V1-AVGO-6a60db630b3b,V1,AVGO,2026-10-07T01:35:41.422070+00:00,2026-10-08T19:13:50.613868+00:00,376.3633,357.5196,2,-37.69,-0.050068,STOP,82.0,BULL_TREND
V1-SPY-acd376156651,V1,SPY,2026-10-07T23:43:08.445672+00:00,2026-10-08T19:13:50.614066+00:00,777.8441,772.4089,1,-5.44,-0.006987,STOP,75.0,BULL_TREND
V1-AMZN-026450919b59,V1,AMZN,2026-10-07T23:43:08.445790+00:00,2026-10-08T19:13:50.614150+00:00,260.2233,254.6916,3,-16.6,-0.021258,STOP,75.0,BULL_TREND
V1-QQQ-d03aa9561680,V1,QQQ,2026-10-07T23:43:08.445888+00:00,2026-10-08T19:13:50.614214+00:00,758.3905,745.3629,1,-13.03,-0.017178,STOP,75.0,BULL_TREND
V2-AVGO-af21313fc7db,V2,AVGO,2026-10-07T23:43:08.448993+00:00,2026-10-08T19:13:50.614290+00:00,377.0137,357.5196,2,-38.99,-0.051707,STOP,83.0,BULL_TREND
V2-AMZN-290c920472c7,V2,AMZN,2026-10-07T23:43:08.449412+00:00,2026-10-08T19:13:50.614354+00:00,260.2233,254.6916,3,-16.6,-0.021258,STOP,69.0,BULL_TREND
V2-SPY-3b6bb551a617,V2,SPY,2026-10-07T23:43:08.449643+00:00,2026-10-08T19:13:50.614410+00:00,777.8441,772.4089,1,-5.44,-0.006987,STOP,64.0,BULL_TREND
V2-QQQ-297b0aec51de,V2,QQQ,2026-10-07T23:43:08.449856+00:00,2026-10-08T19:13:50.614463+00:00,758.3905,745.3629,1,-13.03,-0.017178,STOP,64.0,BULL_TREND
V3-UNH-f183b8e7d9d5,V3,UNH,2026-10-06T01:51:51.917996+00:00,2026-10-08T19:13:50.614519+00:00,378.2846,369.726,2,-17.12,-0.022625,STOP,69.0,BULL_TREND
V3-AVGO-0f1203a8dde4,V3,AVGO,2026-10-07T23:43:08.453419+00:00,2026-10-08T19:13:50.614573+00:00,377.0137,357.5196,2,-38.99,-0.051707,STOP,99.0,BULL_TREND
V3-AMZN-71d2ea828dec,V3,AMZN,2026-10-07T23:43:08.453688+00:00,2026-10-08T19:13:50.614627+00:00,260.2233,254.6916,3,-16.6,-0.021258,STOP,81.0,BULL_TREND
V3-SPY-403a93a2ced8,V3,SPY,2026-10-07T23:43:08.453793+00:00,2026-10-08T19:13:50.614678+00:00,777.8441,772.4089,1,-5.44,-0.006987,STOP,76.0,BULL_TREND
V2-AAPL-bb6d3450fa6d,V2,AAPL,2026-10-08T19:13:50.619483+00:00,2026-10-09T18:44:02.548241+00:00,341.4088,336.5543,2,-9.71,-0.014219,STOP,65.0,BULL_TREND
V3-AAPL-881d80ecc7a1,V3,AAPL,2026-10-08T19:13:50.621776+00:00,2026-10-09T18:44:02.548496+00:00,341.4088,336.5543,2,-9.71,-0.014219,STOP,77.0,BULL_TREND
V3-BAC-669a6a5fe375,V3,BAC,2026-10-08T19:13:50.621879+00:00,2026-10-09T18:44:02.548666+00:00,53.5174,54.1571,18,11.51,0.011952,TARGET_1R,69.0,BULL_TREND
V3-GE-95307803f82d,V3,GE,2026-10-08T23:53:11.054869+00:00,2026-10-09T23:07:47.902055+00:00,305.2535,307.9843,3,8.19,0.008946,TARGET_1R,75.0,BULL_TREND
