timestamp,V1_equity,V2_equity,V3_equity,SPY_return,QQQ_return
2026-09-21T11:51:25.730855+00:00,9997.8,9998.25,9997.6,0.0,0.0
2026-09-21T18:35:05.457888+00:00,10000.0,10000.0,10000.0,0.0,0.0
2026-09-21T22:33:21.959372+00:00,9997.15,9997.03,9997.03,-0.00030370263205270476,0.001553332839217214
2026-09-22T17:36:04.941089+00:00,10028.6,10025.59,10025.59,-0.0004587881839008823,0.006659272513247272
2026-09-22T21:06:27.494344+00:00,10025.59,10019.27,10019.27,-0.0004587881839008823,0.0096444977547534
2026-09-22T23:45:43.263231+00:00,10025.59,10019.27,10019.27,-0.0004587881839008823,0.0096444977547534
2026-09-23T17:47:47.762813+00:00,10031.0,10025.14,10025.14,-0.006817059158275129,0.000445776267801401
2026-09-23T21:20:56.491047+00:00,10031.73,10025.13,10024.5,-0.007657644936756469,0.0012022026145885878
2026-09-23T23:55:26.323395+00:00,10031.73,10025.13,10024.5,-0.007657644936756469,0.0012022026145885878
2026-09-24T17:49:23.390393+00:00,10009.13,10002.3,9993.02,-0.009143973506402281,-0.0009860336901988953
2026-09-24T21:22:17.720709+00:00,10014.19,10004.73,9995.45,-0.008471883525859814,0.0010535555624624493
2026-09-24T23:58:57.269975+00:00,10014.19,10004.73,9995.45,-0.008471883525859814,0.0010535555624624493
2026-09-25T17:52:43.622160+00:00,10027.71,10030.74,10021.47,-0.0037416953106893525,0.006091973364229064
2026-09-25T21:21:33.962309+00:00,10027.85,10031.4,10021.47,-0.003082463389633805,0.005646197096427663
2026-09-28T20:04:25.293426+00:00,9986.16,9992.51,9963.33,-0.010578554302898335,-0.005119378093052074
2026-09-29T02:00:18.926213+00:00,9985.54,9992.51,9963.33,-0.010501011526974247,-0.005119378093052074
2026-09-29T18:32:18.563237+00:00,9969.02,9992.51,9963.33,-0.012878963694046286,-0.003930366564619869
2026-09-29T19:18:59.571723+00:00,9973.36,9992.51,9963.33,-0.011961466210045124,-0.00284201951241958
2026-09-29T22:54:03.923447+00:00,9971.74,9992.51,9963.33,-0.012323306203090745,-0.0032283534482282494
2026-09-30T18:21:07.318240+00:00,10004.06,9992.51,9963.33,-0.009021151428972196,0.0038361327428892977
2026-09-30T22:31:32.980320+00:00,10002.09,9992.02,9962.83,-0.014352434204205178,-0.0007429054834767745
2026-10-01T18:46:19.646572+00:00,9958.26,9996.9,9967.71,-0.012375053976240502,0.003491762949916044
2026-10-01T23:03:38.891889+00:00,9951.24,9989.89,9960.7,-0.012594745360725357,0.002309841630292908
2026-10-02T01:44:20.972992+00:00,9951.24,9989.89,9960.7,-0.012594745360725357,0.002309841630292908
