prediction_id,signal_date,signal_time,symbol,prediction,score,signal_price,stop,target_1r,target_2r,original_reason,evaluation_date_1d,return_1d,max_favourable_1d,max_adverse_1d,target1_hit_1d,target2_hit_1d,stop_hit_1d,result_1d,evaluation_date_5d,return_5d,max_favourable_5d,max_adverse_5d,target1_hit_5d,target2_hit_5d,stop_hit_5d,result_5d,result_15d,result_30d
29b884514bb7203c1b55,2026-10-05,2026-10-06T01:51:44.537783+00:00,XOM,ENTRY TRIGGERED,75.0,164.0,162.7743251072074,165.2256748927926,166.4513497855852,holding above VWAP; opening-range breakout; volume 9.2x; near support; positive 1M trend,,,,,,,,PENDING,,,,,,,,PENDING,PENDING,PENDING
1e8665af3f730400c1db,2026-10-05,2026-10-06T01:51:44.537783+00:00,SPY,ENTRY TRIGGERED,75.0,774.55,769.9027,779.1972999999999,783.8445999999999,holding above VWAP; opening-range breakout; volume 3.1x; near support; positive 1M trend,,,,,,,,PENDING,,,,,,,,PENDING,PENDING,PENDING
bda9f3a748a55d0b1dac,2026-10-05,2026-10-06T01:51:44.537783+00:00,QQQ,ENTRY TRIGGERED,75.0,756.15,751.6131,760.6868999999999,765.2237999999999,holding above VWAP; opening-range breakout; volume 3.0x; near support; positive 1M trend,,,,,,,,PENDING,,,,,,,,PENDING,PENDING,PENDING
e401cd9da09ddd789e08,2026-10-05,2026-10-06T01:51:44.537783+00:00,CAT,ENTRY TRIGGERED,74.0,850.4,842.5643631510289,858.235636848971,866.071273697942,holding above VWAP; opening-range breakout; volume 8.3x; positive 1M trend; enough daily range,,,,,,,,PENDING,,,,,,,,PENDING,PENDING,PENDING
800892d925f0df8f61ac,2026-10-05,2026-10-06T01:51:44.537783+00:00,GOOGL,ENTRY TRIGGERED,74.0,346.52,343.30573666448464,349.7342633355153,352.94852667103066,holding above VWAP; opening-range breakout; volume 1.6x; near support; positive 1M trend; enough daily range,,,,,,,,PENDING,,,,,,,,PENDING,PENDING,PENDING
47a44d7c970323adef7e,2026-10-05,2026-10-06T01:51:44.537783+00:00,CAT,ENTRY TRIGGERED,74.0,850.4,842.5643631510289,858.235636848971,866.071273697942,holding above VWAP; opening-range breakout; volume 8.3x; positive 1M trend; enough daily range,,,,,,,,PENDING,,,,,,,,PENDING,PENDING,PENDING
26c7dd577fae9752d8d0,2026-10-05,2026-10-06T01:51:44.537783+00:00,CAT,ENTRY TRIGGERED,74.0,850.4,842.5643631510289,858.235636848971,866.071273697942,holding above VWAP; opening-range breakout; volume 8.3x; positive 1M trend; enough daily range,,,,,,,,PENDING,,,,,,,,PENDING,PENDING,PENDING
36b622d6833e8ad6b59f,2026-10-05,2026-10-06T01:51:44.537783+00:00,AVGO,ENTRY TRIGGERED,70.0,362.41,358.8702451718743,365.9497548281258,369.4895096562515,holding above VWAP; opening-range breakout; volume 2.2x; positive 1M trend; enough daily range,,,,,,,,PENDING,,,,,,,,PENDING,PENDING,PENDING
85f6fb47ee6f1ec3a62c,2026-10-05,2026-10-06T01:51:44.537783+00:00,UNH,WATCH,64.0,378.02,375.3390971595511,380.70090284044886,383.38180568089774,holding above VWAP; opening-range breakout; volume 5.6x; near support,,,,,,,,PENDING,,,,,,,,PENDING,PENDING,PENDING
098d0bea161ddd9cc8e9,2026-10-02,2026-10-02T22:28:56.229618+00:00,AAPL,ENTRY TRIGGERED,75.0,333.54,331.24181387760785,335.8381861223922,338.13637224478435,holding above VWAP; opening-range breakout; volume 4.6x; near support; positive 1M trend,2026-10-05,-0.0019487478310322714,0.008005011258254147,-0.0056665050773989645,True,False,False,CORRECT,,,,,,,,PENDING,PENDING,PENDING
411e82e3c2f46cb27c4d,2026-10-02,2026-10-02T22:28:56.229618+00:00,AAPL,ENTRY TRIGGERED,75.0,333.54,331.24181387760785,335.8381861223922,338.13637224478435,holding above VWAP; opening-range breakout; volume 4.6x; near support; positive 1M trend,2026-10-05,-0.0019487478310322714,0.008005011258254147,-0.0056665050773989645,True,False,False,CORRECT,,,,,,,,PENDING,PENDING,PENDING
a2cd9dccde74908931f6,2026-10-02,2026-10-02T22:28:56.229618+00:00,AAPL,ENTRY TRIGGERED,75.0,333.54,331.24181387760785,335.8381861223922,338.13637224478435,holding above VWAP; opening-range breakout; volume 4.6x; near support; positive 1M trend,2026-10-05,-0.0019487478310322714,0.008005011258254147,-0.0056665050773989645,True,False,False,CORRECT,,,,,,,,PENDING,PENDING,PENDING
784dc6ea9338f4399cae,2026-10-02,2026-10-02T22:28:56.229618+00:00,AVGO,ENTRY TRIGGERED,71.0,355.169,351.56750087660106,358.7704991233989,362.3719982467978,holding above VWAP; opening-range breakout; volume 9.6x; near support; enough daily range,2026-10-05,0.02066906111069655,0.024498182885295483,0.002733951016100855,True,True,False,CORRECT,,,,,,,,PENDING,PENDING,PENDING
b1394cf1b428ae2988c0,2026-10-02,2026-10-02T22:28:56.229618+00:00,AVGO,ENTRY TRIGGERED,71.0,355.169,351.56750087660106,358.7704991233989,362.3719982467978,holding above VWAP; opening-range breakout; volume 9.6x; near support; enough daily range,2026-10-05,0.02066906111069655,0.024498182885295483,0.002733951016100855,True,True,False,CORRECT,,,,,,,,PENDING,PENDING,PENDING
6f930800800981f1b6c3,2026-10-02,2026-10-02T22:28:56.229618+00:00,AVGO,ENTRY TRIGGERED,71.0,355.169,351.56750087660106,358.7704991233989,362.3719982467978,holding above VWAP; opening-range breakout; volume 9.6x; near support; enough daily range,2026-10-05,0.02066906111069655,0.024498182885295483,0.002733951016100855,True,True,False,CORRECT,,,,,,,,PENDING,PENDING,PENDING
88e7eecb472acfe9e978,2026-10-01,2026-10-01T23:03:31.580599+00:00,CAT,ENTRY TRIGGERED,82.0,826.35,818.6194357807632,834.0805642192369,841.8111284384737,holding above VWAP; opening-range breakout; volume 8.3x; near support; positive 1M trend; enough daily range,2026-10-02,0.02307736783464187,0.03935377880702795,0.012234551912211789,True,True,False,CORRECT,,,,,,,,PENDING,PENDING,PENDING
fb38df9538f19089a8fc,2026-10-01,2026-10-01T23:03:31.580599+00:00,CAT,ENTRY TRIGGERED,82.0,826.35,818.6194357807632,834.0805642192369,841.8111284384737,holding above VWAP; opening-range breakout; volume 8.3x; near support; positive 1M trend; enough daily range,2026-10-02,0.02307736783464187,0.03935377880702795,0.012234551912211789,True,True,False,CORRECT,,,,,,,,PENDING,PENDING,PENDING
8fd54a70d3a6061dd5a3,2026-10-01,2026-10-01T23:03:31.580599+00:00,CAT,ENTRY TRIGGERED,82.0,826.35,818.6194357807632,834.0805642192369,841.8111284384737,holding above VWAP; opening-range breakout; volume 8.3x; near support; positive 1M trend; enough daily range,2026-10-02,0.02307736783464187,0.03935377880702795,0.012234551912211789,True,True,False,CORRECT,,,,,,,,PENDING,PENDING,PENDING
749b66aca9fa3481482d,2026-10-01,2026-10-01T23:03:31.580599+00:00,XOM,ENTRY TRIGGERED,68.0,163.82,162.49748749609037,165.1425125039096,166.46502500781924,holding above VWAP; opening-range breakout; volume 34.4x; near support,2026-10-02,0.0011597760153578829,0.004822369737221166,-0.013856653328300439,False,False,True,WRONG,,,,,,,,PENDING,PENDING,PENDING
79c0198cfb33eca81508,2026-10-01,2026-10-01T23:03:31.580599+00:00,XOM,ENTRY TRIGGERED,68.0,163.82,162.49748749609037,165.1425125039096,166.46502500781924,holding above VWAP; opening-range breakout; volume 34.4x; near support,2026-10-02,0.0011597760153578829,0.004822369737221166,-0.013856653328300439,False,False,True,WRONG,,,,,,,,PENDING,PENDING,PENDING
edab45a67c8873d0913e,2026-10-01,2026-10-01T23:03:31.580599+00:00,XOM,ENTRY TRIGGERED,68.0,163.82,162.49748749609037,165.1425125039096,166.46502500781924,holding above VWAP; opening-range breakout; volume 34.4x; near support,2026-10-02,0.0011597760153578829,0.004822369737221166,-0.013856653328300439,False,False,True,WRONG,,,,,,,,PENDING,PENDING,PENDING
2b32804d851e629c9ff8,2026-09-30,2026-09-30T22:31:23.692809+00:00,MP,ENTRY TRIGGERED,77.0,47.98,47.2603,48.6997,49.4194,VWAP reclaim; opening-range breakout; volume 4.9x; 15m momentum; enough daily range,2026-10-01,-0.03939140990854739,-0.022634410023341323,-0.07273860611782412,False,False,True,WRONG,,,,,,,,PENDING,PENDING,PENDING
dab635ae396106811fe9,2026-09-30,2026-09-30T22:31:23.692809+00:00,GOOGL,ENTRY TRIGGERED,74.0,351.93,348.70407756897674,355.15592243102327,358.38184486204653,VWAP reclaim; volume 11.5x; 15m momentum; positive 1M trend; enough daily range,2026-10-01,-0.03889980895526102,0.003665505130858726,-0.04665697790576251,False,False,True,WRONG,,,,,,,,PENDING,PENDING,PENDING
c79a5803cec5fe6a2bfb,2026-09-30,2026-09-30T22:31:23.692809+00:00,TSLA,ENTRY TRIGGERED,71.0,354.83,351.0148794858804,358.64512051411964,362.4602410282393,holding above VWAP; opening-range breakout; volume 4.8x; near support; enough daily range,2026-10-01,-0.002029181998245644,0.01397854900916462,-0.0029028329257143604,True,False,False,CORRECT,,,,,,,,PENDING,PENDING,PENDING
b9350126d5785fbc116b,2026-09-30,2026-09-30T22:31:23.692809+00:00,TSLA,ENTRY TRIGGERED,71.0,354.83,351.0148794858804,358.64512051411964,362.4602410282393,holding above VWAP; opening-range breakout; volume 4.8x; near support; enough daily range,2026-10-01,-0.002029181998245644,0.01397854900916462,-0.0029028329257143604,True,False,False,CORRECT,,,,,,,,PENDING,PENDING,PENDING
8dd17219259377ed7584,2026-09-30,2026-09-30T22:31:23.692809+00:00,TSLA,ENTRY TRIGGERED,71.0,354.83,351.0148794858804,358.64512051411964,362.4602410282393,holding above VWAP; opening-range breakout; volume 4.8x; near support; enough daily range,2026-10-01,-0.002029181998245644,0.01397854900916462,-0.0029028329257143604,True,False,False,CORRECT,,,,,,,,PENDING,PENDING,PENDING
4a0e4b4ab051a8cdd2d0,2026-09-29,2026-09-29T22:53:57.559956+00:00,ASML,ENTRY TRIGGERED,74.0,1834.33,1815.3293731491176,1853.330626850882,1872.331253701764,holding above VWAP; opening-range breakout; volume 3.5x; positive 1M trend; enough daily range,2026-09-30,-0.012353260348294759,-0.0023605349092038486,-0.0138306842621011,False,False,True,WRONG,,,,,,,,PENDING,PENDING,PENDING
851bd48c1093320060ad,2026-09-29,2026-09-29T18:32:08.547797+00:00,ASML,WATCH,54.0,1827.02001953125,1808.0951119954168,1845.9449270670832,1864.8698346029164,holding above VWAP; opening-range breakout; positive 1M trend; enough daily range,2026-09-30,-0.008401646080416714,0.0016310606544500672,-0.009884981226633505,False,False,False,WRONG,,,,,,,,PENDING,PENDING,PENDING
5754f7aea944bc35ecbf,2026-09-29,2026-09-29T18:32:08.547797+00:00,ASML,WATCH,54.0,1827.02001953125,1808.0951119954168,1845.9449270670832,1864.8698346029164,holding above VWAP; opening-range breakout; positive 1M trend; enough daily range,2026-09-30,-0.008401646080416714,0.0016310606544500672,-0.009884981226633505,False,False,False,WRONG,,,,,,,,PENDING,PENDING,PENDING
caa297cb9ff387de7fc7,2026-09-28,2026-09-28T20:04:17.631445+00:00,ASML,ENTRY TRIGGERED,74.0,1770.0,1752.0981803022407,1787.9018196977593,1805.8036393955183,holding above VWAP; opening-range breakout; volume 4.4x; positive 1M trend; enough daily range,2026-09-29,0.03637853934939961,0.04054803363347448,0.0171751550361936,True,True,False,CORRECT,2026-10-05,0.05076835330596752,0.05847457627118646,0.012005649717514055,True,True,False,CORRECT,PENDING,PENDING
a610062f3e9b9e1ac761,2026-09-28,2026-09-29T02:00:12.196796+00:00,CRM,ENTRY TRIGGERED,71.0,227.44,224.54014587628984,230.33985412371013,233.2397082474203,VWAP reclaim; opening-range breakout; volume 2.7x; enough daily range,2026-09-29,-0.009365118015328244,0.00677099774683021,-0.01763105576951618,False,False,True,WRONG,2026-10-05,0.010332365837727897,0.052805122002471894,-0.01763105576951618,True,True,True,AMBIGUOUS,PENDING,PENDING
6476fffc9c2abb96c7f7,2026-09-25,2026-09-25T21:21:25.725230+00:00,SPY,ENTRY TRIGGERED,75.0,771.5,767.530029296875,775.469970703125,779.43994140625,holding above VWAP; opening-range breakout; volume 4.1x; near support; positive 1M trend,2026-09-28,-0.007634497276004515,-0.0025405339891850787,-0.010084289432112814,False,False,True,WRONG,2026-10-02,-0.0024108688937946043,0.0014906343668990019,-0.016474428998906387,False,False,True,WRONG,PENDING,PENDING
44cae49c4ac99243dabb,2026-09-25,2026-09-25T21:21:25.725230+00:00,GE,ENTRY TRIGGERED,71.0,326.76,323.5315327380665,329.98846726193347,333.21693452386694,holding above VWAP; opening-range breakout; volume 9.4x; near support; enough daily range,2026-09-28,-0.02607421277275368,-0.011506916391235134,-0.03525526308490934,False,False,True,WRONG,2026-10-02,-0.05263802926125061,-0.008201779372427387,-0.05683069396068596,False,False,True,WRONG,PENDING,PENDING
446b56677f817117633c,2026-09-25,2026-09-25T21:21:25.725230+00:00,GE,ENTRY TRIGGERED,71.0,326.76,323.5315327380665,329.98846726193347,333.21693452386694,holding above VWAP; opening-range breakout; volume 9.4x; near support; enough daily range,2026-09-28,-0.02607421277275368,-0.011506916391235134,-0.03525526308490934,False,False,True,WRONG,2026-10-02,-0.05263802926125061,-0.008201779372427387,-0.05683069396068596,False,False,True,WRONG,PENDING,PENDING
895b05f681de166bd4ba,2026-09-25,2026-09-25T21:21:25.725230+00:00,GE,ENTRY TRIGGERED,71.0,326.76,323.5315327380665,329.98846726193347,333.21693452386694,holding above VWAP; opening-range breakout; volume 9.4x; near support; enough daily range,2026-09-28,-0.02607421277275368,-0.011506916391235134,-0.03525526308490934,False,False,True,WRONG,2026-10-02,-0.05263802926125061,-0.008201779372427387,-0.05683069396068596,False,False,True,WRONG,PENDING,PENDING
66d49d8ccdf63b148461,2026-09-25,2026-09-25T21:21:25.725230+00:00,AAPL,WATCH,67.0,340.9757,338.55505772480325,343.3963422751968,345.8169845503936,holding above VWAP; opening-range breakout; volume 5.7x; positive 1M trend,2026-09-28,-0.007553928633376672,0.005907430454354934,-0.008609679385006452,False,False,True,WRONG,2026-10-02,-0.021367204638318094,0.005907430454354934,-0.04447737020968434,False,False,True,WRONG,PENDING,PENDING
fdf7cf27bca61fdbda9e,2026-09-25,2026-09-25T21:21:25.725230+00:00,AAPL,WATCH,67.0,340.9757,338.55505772480325,343.3963422751968,345.8169845503936,holding above VWAP; opening-range breakout; volume 5.7x; positive 1M trend,2026-09-28,-0.007553928633376672,0.005907430454354934,-0.008609679385006452,False,False,True,WRONG,2026-10-02,-0.021367204638318094,0.005907430454354934,-0.04447737020968434,False,False,True,WRONG,PENDING,PENDING
23673a7f484616799401,2026-09-25,2026-09-25T21:21:25.725230+00:00,GS,WATCH,59.0,935.17,925.4355896920796,944.9044103079204,954.6388206158408,holding above VWAP; opening-range breakout; volume 10.1x; enough daily range,2026-09-28,-0.02019950458539621,-0.003389758011912214,-0.02210293315653833,False,False,True,WRONG,2026-10-02,-0.03487066783729831,-0.003389758011912214,-0.05792529700482263,False,False,True,WRONG,PENDING,PENDING
9d1bfa9fcdbec5d2e407,2026-09-25,2026-09-25T21:21:25.725230+00:00,JPM,WATCH,52.0,342.966,340.4305521875874,345.5014478124126,348.0368956248252,holding above VWAP; opening-range breakout; volume 9.1x,2026-09-28,-0.018590774776827357,-0.002816605727681498,-0.019436364558093944,False,False,True,WRONG,2026-10-02,-0.030866019130722844,-0.002816605727681498,-0.04984752098695644,False,False,True,WRONG,PENDING,PENDING
3d54ca6acb93691feed0,2026-09-25,2026-09-25T21:21:25.725230+00:00,BAC,WATCH,52.0,56.7,56.2210913013054,57.178908698694606,57.65781739738921,holding above VWAP; opening-range breakout; volume 6.5x,2026-09-28,-0.021693100163966084,-0.0005291328228340664,-0.023456808961468067,False,False,True,WRONG,2026-10-02,-0.052028218694885386,-0.0005291328228340664,-0.06719577796034504,False,False,True,WRONG,PENDING,PENDING
a658cd1893222b8846d0,2026-09-24,2026-09-24T21:22:10.733130+00:00,GOOGL,ENTRY TRIGGERED,78.0,342.16,338.9425360635078,345.37746393649223,348.59492787298444,holding above VWAP; opening-range breakout; volume 5.2x; near support; positive 1M trend; enough daily range,2026-09-25,0.005143831621856387,0.014233103750575404,-0.0030687825825272963,True,False,False,CORRECT,2026-10-01,-0.011456657019011662,0.03232406248744191,-0.01943532334105391,True,True,True,AMBIGUOUS,PENDING,PENDING
3d670c5c366173f87966,2026-09-24,2026-09-24T21:22:10.733130+00:00,GOOGL,ENTRY TRIGGERED,78.0,342.16,338.9425360635078,345.37746393649223,348.59492787298444,holding above VWAP; opening-range breakout; volume 5.2x; near support; positive 1M trend; enough daily range,2026-09-25,0.005143831621856387,0.014233103750575404,-0.0030687825825272963,True,False,False,CORRECT,2026-10-01,-0.011456657019011662,0.03232406248744191,-0.01943532334105391,True,True,True,AMBIGUOUS,PENDING,PENDING
0d41cb37f34ee01826c6,2026-09-24,2026-09-24T21:22:10.733130+00:00,GOOGL,ENTRY TRIGGERED,78.0,342.16,338.9425360635078,345.37746393649223,348.59492787298444,holding above VWAP; opening-range breakout; volume 5.2x; near support; positive 1M trend; enough daily range,2026-09-25,0.005143831621856387,0.014233103750575404,-0.0030687825825272963,True,False,False,CORRECT,2026-10-01,-0.011456657019011662,0.03232406248744191,-0.01943532334105391,True,True,True,AMBIGUOUS,PENDING,PENDING
768d3c9ba24f5e2e75b7,2026-09-24,2026-09-24T21:22:10.733130+00:00,NVDA,ENTRY TRIGGERED,75.0,224.449,222.56741517480216,226.33058482519783,228.2121696503957,holding above VWAP; opening-range breakout; volume 5.7x; near support; positive 1M trend,2026-09-25,0.002766808157838696,0.011098300466503508,-0.005876591640807116,True,False,False,CORRECT,2026-10-01,0.028563284355695773,0.03903339606711187,-0.005876591640807116,True,True,False,CORRECT,PENDING,PENDING
0e85d4f9cf0ee740fd71,2026-09-24,2026-09-24T21:22:10.733130+00:00,SPY,ENTRY TRIGGERED,75.0,766.86,763.6199951171875,770.1000048828125,773.340009765625,holding above VWAP; opening-range breakout; volume 4.7x; near support; positive 1M trend,2026-09-25,0.005855013413057719,0.007067821110600336,-0.0007433194750753325,True,False,False,CORRECT,2026-10-01,-0.003742547225862647,0.007067821110600336,-0.010523461873948703,True,False,True,AMBIGUOUS,PENDING,PENDING
524b61d01bb706da785a,2026-09-24,2026-09-24T21:22:10.733130+00:00,QQQ,ENTRY TRIGGERED,75.0,740.331,735.889014,744.7729860000001,749.2149720000001,holding above VWAP; opening-range breakout; volume 2.0x; near support; positive 1M trend,2026-09-25,0.005631264934198299,0.007549302825568871,-0.0009333465052288048,True,False,False,CORRECT,2026-10-01,0.002294959007356212,0.007549302825568871,-0.01175284449413505,True,False,True,AMBIGUOUS,PENDING,PENDING
f2a2763822975b8ae84f,2026-09-24,2026-09-24T21:22:10.733130+00:00,NVDA,ENTRY TRIGGERED,75.0,224.449,222.56741517480216,226.33058482519783,228.2121696503957,holding above VWAP; opening-range breakout; volume 5.7x; near support; positive 1M trend,2026-09-25,0.002766808157838696,0.011098300466503508,-0.005876591640807116,True,False,False,CORRECT,2026-10-01,0.028563284355695773,0.03903339606711187,-0.005876591640807116,True,True,False,CORRECT,PENDING,PENDING
90ff19345e8ebcdadfe0,2026-09-24,2026-09-24T21:22:10.733130+00:00,NVDA,ENTRY TRIGGERED,75.0,224.449,222.56741517480216,226.33058482519783,228.2121696503957,holding above VWAP; opening-range breakout; volume 5.7x; near support; positive 1M trend,2026-09-25,0.002766808157838696,0.011098300466503508,-0.005876591640807116,True,False,False,CORRECT,2026-10-01,0.028563284355695773,0.03903339606711187,-0.005876591640807116,True,True,False,CORRECT,PENDING,PENDING
38fbe903a0541806f1c1,2026-09-24,2026-09-24T21:22:10.733130+00:00,CAT,ENTRY TRIGGERED,71.0,804.65,797.2562196739044,812.0437803260955,819.4375606521911,holding above VWAP; opening-range breakout; volume 9.5x; near support; enough daily range,2026-09-25,0.021040225054177242,0.022804946249922464,0.005468200823921965,True,True,False,CORRECT,2026-10-01,0.026968216722720983,0.03600322515029819,-0.0027465327267678363,True,True,False,CORRECT,PENDING,PENDING
666ea1f45aceba420668,2026-09-24,2026-09-24T21:22:10.733130+00:00,MSFT,ENTRY TRIGGERED,71.0,496.97,493.4275526256463,500.51244737435377,504.0548947487075,holding above VWAP; opening-range breakout; volume 6.3x; near support; positive 1M trend,2026-09-25,0.03863408839599214,0.045133558190761036,0.0005634142906010275,True,True,False,CORRECT,2026-10-01,0.0318530047949952,0.05207552887686884,0.0005634142906010275,True,True,False,CORRECT,PENDING,PENDING
c6b184e58bed5c126a94,2026-09-24,2026-09-24T21:22:10.733130+00:00,CAT,ENTRY TRIGGERED,71.0,804.65,797.2562196739044,812.0437803260955,819.4375606521911,holding above VWAP; opening-range breakout; volume 9.5x; near support; enough daily range,2026-09-25,0.021040225054177242,0.022804946249922464,0.005468200823921965,True,True,False,CORRECT,2026-10-01,0.026968216722720983,0.03600322515029819,-0.0027465327267678363,True,True,False,CORRECT,PENDING,PENDING
13a7e6063d9c99ec1149,2026-09-24,2026-09-24T21:22:10.733130+00:00,MSFT,ENTRY TRIGGERED,71.0,496.97,493.4275526256463,500.51244737435377,504.0548947487075,holding above VWAP; opening-range breakout; volume 6.3x; near support; positive 1M trend,2026-09-25,0.03863408839599214,0.045133558190761036,0.0005634142906010275,True,True,False,CORRECT,2026-10-01,0.0318530047949952,0.05207552887686884,0.0005634142906010275,True,True,False,CORRECT,PENDING,PENDING
d78e99cab1aac8b2e620,2026-09-24,2026-09-24T21:22:10.733130+00:00,CAT,ENTRY TRIGGERED,71.0,804.65,797.2562196739044,812.0437803260955,819.4375606521911,holding above VWAP; opening-range breakout; volume 9.5x; near support; enough daily range,2026-09-25,0.021040225054177242,0.022804946249922464,0.005468200823921965,True,True,False,CORRECT,2026-10-01,0.026968216722720983,0.03600322515029819,-0.0027465327267678363,True,True,False,CORRECT,PENDING,PENDING
501b6d3629b166dd2016,2026-09-24,2026-09-24T21:22:10.733130+00:00,MSFT,ENTRY TRIGGERED,71.0,496.97,493.4275526256463,500.51244737435377,504.0548947487075,holding above VWAP; opening-range breakout; volume 6.3x; near support; positive 1M trend,2026-09-25,0.03863408839599214,0.045133558190761036,0.0005634142906010275,True,True,False,CORRECT,2026-10-01,0.0318530047949952,0.05207552887686884,0.0005634142906010275,True,True,False,CORRECT,PENDING,PENDING
be417db0688597054c59,2026-09-24,2026-09-24T21:22:10.733130+00:00,META,WATCH,60.0,776.87,766.5524520968132,787.1875479031868,797.5050958063736,opening-range breakout; volume 2.3x; positive 1M trend; enough daily range,2026-09-25,-0.032450766351472926,-0.009396672127616301,-0.039041309321580564,False,False,True,WRONG,2026-10-01,-0.06557082565193506,-0.009396672127616301,-0.08196995322073675,False,False,True,WRONG,PENDING,PENDING
6026ece229074bd05835,2026-09-24,2026-09-24T21:22:10.733130+00:00,META,WATCH,60.0,776.87,766.5524520968132,787.1875479031868,797.5050958063736,opening-range breakout; volume 2.3x; positive 1M trend; enough daily range,2026-09-25,-0.032450766351472926,-0.009396672127616301,-0.039041309321580564,False,False,True,WRONG,2026-10-01,-0.06557082565193506,-0.009396672127616301,-0.08196995322073675,False,False,True,WRONG,PENDING,PENDING
3de0a3847c1ecac480ca,2026-09-24,2026-09-24T21:22:10.733130+00:00,UNH,WATCH,59.0,374.51,370.86897044420834,378.1510295557917,381.7920591115833,holding above VWAP; opening-range breakout; volume 10.2x; enough daily range,2026-09-25,0.005553914015355099,0.012442961276693199,-0.008918284083911265,True,False,False,CORRECT,2026-10-01,-0.024859116693729755,0.017275936520595225,-0.03180153773326311,True,False,True,AMBIGUOUS,PENDING,PENDING
3e0f3260b3a6e6d6f9c2,2026-09-23,2026-09-23T21:20:51.047978+00:00,ASML,ENTRY TRIGGERED,84.0,1744.61,1724.9569818205412,1764.2630181794586,1783.9160363589174,holding above VWAP; opening-range breakout; volume 2.7x; 15m momentum; positive 1M trend; enough daily range,2026-09-24,-0.012673319538464178,-0.004453737041337225,-0.025065771213731103,False,False,True,WRONG,2026-09-30,0.03843841543113502,0.05569154110732488,-0.025065771213731103,True,True,True,AMBIGUOUS,PENDING,PENDING
ea471ffa039d60064128,2026-09-23,2026-09-23T21:20:51.047978+00:00,CAT,ENTRY TRIGGERED,78.0,812.02,804.4818372521665,819.5581627478334,827.0963254956669,holding above VWAP; opening-range breakout; volume 52.8x; near support; positive 1M trend; enough daily range,2026-09-24,-0.008337233073076988,-0.003546692632647619,-0.021945257251014372,False,False,True,WRONG,2026-09-30,-0.001514768075486117,0.024543745482908497,-0.021945257251014372,True,True,True,AMBIGUOUS,PENDING,PENDING
32c9372295735d79ce2e,2026-09-23,2026-09-23T21:20:51.047978+00:00,CAT,ENTRY TRIGGERED,78.0,812.02,804.4818372521665,819.5581627478334,827.0963254956669,holding above VWAP; opening-range breakout; volume 52.8x; near support; positive 1M trend; enough daily range,2026-09-24,-0.008337233073076988,-0.003546692632647619,-0.021945257251014372,False,False,True,WRONG,2026-09-30,-0.001514768075486117,0.024543745482908497,-0.021945257251014372,True,True,True,AMBIGUOUS,PENDING,PENDING
7bec70ff800f1a3186a6,2026-09-23,2026-09-23T21:20:51.047978+00:00,CAT,ENTRY TRIGGERED,78.0,812.02,804.4818372521665,819.5581627478334,827.0963254956669,holding above VWAP; opening-range breakout; volume 52.8x; near support; positive 1M trend; enough daily range,2026-09-24,-0.008337233073076988,-0.003546692632647619,-0.021945257251014372,False,False,True,WRONG,2026-09-30,-0.001514768075486117,0.024543745482908497,-0.021945257251014372,True,True,True,AMBIGUOUS,PENDING,PENDING
f5bd3669f23a2054a04c,2026-09-23,2026-09-23T21:20:51.047978+00:00,COST,WATCH,52.0,905.97,900.53418,911.40582,916.84164,holding above VWAP; opening-range breakout; volume 9.0x,2026-09-24,-0.010474982097917196,0.0038191029236964713,-0.011821572716949835,False,False,True,WRONG,2026-09-30,0.004823588921784028,0.027727217077241795,-0.025243688437876055,True,True,True,AMBIGUOUS,PENDING,PENDING
42f4ba90419a9b486d1b,2026-09-22,2026-09-22T21:06:21.805601+00:00,ASML,ENTRY TRIGGERED,82.0,1739.65,1719.7153624444893,1759.5846375555109,1779.5192751110217,holding above VWAP; opening-range breakout; volume 2.1x; near support; positive 1M trend; enough daily range,2026-09-23,0.0028511397991333176,0.0040007963392421075,-0.020320151278633736,False,False,True,WRONG,2026-09-29,0.054459238725282244,0.05870147416506177,-0.02228608922322739,True,True,True,AMBIGUOUS,PENDING,PENDING
dbd39965df1fbc0f64a8,2026-09-22,2026-09-22T21:06:21.805601+00:00,WMT,ENTRY TRIGGERED,75.0,110.1228,109.4620632,110.7835368,111.4442736,holding above VWAP; opening-range breakout; volume 11.2x; near support; positive 1M trend,2026-09-23,0.003697679129997411,0.010054260851827257,-0.005746331697254914,True,False,False,CORRECT,2026-09-29,-0.030173560318500714,0.010054260851827257,-0.0433407207760691,True,False,True,AMBIGUOUS,PENDING,PENDING
1b06238962ada19603cc,2026-09-22,2026-09-22T21:06:21.805601+00:00,WMT,ENTRY TRIGGERED,75.0,110.1228,109.4620632,110.7835368,111.4442736,holding above VWAP; opening-range breakout; volume 11.2x; near support; positive 1M trend,2026-09-23,0.003697679129997411,0.010054260851827257,-0.005746331697254914,True,False,False,CORRECT,2026-09-29,-0.030173560318500714,0.010054260851827257,-0.0433407207760691,True,False,True,AMBIGUOUS,PENDING,PENDING
46aad7e83ec8e2dd93ba,2026-09-22,2026-09-22T21:06:21.805601+00:00,WMT,ENTRY TRIGGERED,75.0,110.1228,109.4620632,110.7835368,111.4442736,holding above VWAP; opening-range breakout; volume 11.2x; near support; positive 1M trend,2026-09-23,0.003697679129997411,0.010054260851827257,-0.005746331697254914,True,False,False,CORRECT,2026-09-29,-0.030173560318500714,0.010054260851827257,-0.0433407207760691,True,False,True,AMBIGUOUS,PENDING,PENDING
ebd3c770462e8c93c11b,2026-09-22,2026-09-22T21:06:21.805601+00:00,AMD,ENTRY TRIGGERED,74.0,623.15,614.11139591669,632.18860408331,641.22720816662,holding above VWAP; opening-range breakout; volume 4.1x; positive 1M trend; enough daily range,2026-09-23,-0.013704589021002134,0.0024713190105212224,-0.02418355598195654,False,False,True,WRONG,2026-09-29,-0.025001994184034704,0.025435288453823368,-0.04345661987608318,True,False,True,AMBIGUOUS,PENDING,PENDING
10dbfb4a0df4dfcbe319,2026-09-22,2026-09-22T21:06:21.805601+00:00,AMD,ENTRY TRIGGERED,74.0,623.15,614.11139591669,632.18860408331,641.22720816662,holding above VWAP; opening-range breakout; volume 4.1x; positive 1M trend; enough daily range,2026-09-23,-0.013704589021002134,0.0024713190105212224,-0.02418355598195654,False,False,True,WRONG,2026-09-29,-0.025001994184034704,0.025435288453823368,-0.04345661987608318,True,False,True,AMBIGUOUS,PENDING,PENDING
fface49db3ec97b2c180,2026-09-22,2026-09-22T21:06:21.805601+00:00,AMD,ENTRY TRIGGERED,74.0,623.15,614.11139591669,632.18860408331,641.22720816662,holding above VWAP; opening-range breakout; volume 4.1x; positive 1M trend; enough daily range,2026-09-23,-0.013704589021002134,0.0024713190105212224,-0.02418355598195654,False,False,True,WRONG,2026-09-29,-0.025001994184034704,0.025435288453823368,-0.04345661987608318,True,False,True,AMBIGUOUS,PENDING,PENDING
d02afee4943e84821ab2,2026-09-22,2026-09-22T21:06:21.805601+00:00,MU,WATCH,60.0,1094.17,1077.75745,1110.58255,1126.9951,opening-range breakout; volume 3.8x; positive 1M trend; enough daily range,2026-09-23,-0.020371601412200624,0.010354880868603589,-0.027344928119030887,False,False,True,WRONG,2026-09-29,-0.026586402428610323,0.013297724031114733,-0.05681932423663605,False,False,True,WRONG,PENDING,PENDING
20040d297e7a72d26785,2026-09-21,2026-09-21T11:51:18.764658+00:00,NVDA,ENTRY TRIGGERED,84.0,221.9487,219.8459863596535,224.0514136403465,226.15412728069305,holding above VWAP; opening-range breakout; volume 6.1x; 15m momentum; positive 1M trend; enough daily range,2026-09-22,0.03118421111359293,0.03618536953601925,0.020506089920778958,True,True,False,CORRECT,2026-09-28,0.03113918040678576,0.050738331487713895,-0.0038689285501981585,True,True,False,CORRECT,PENDING,PENDING
2a255a38b7275c77f61b,2026-09-21,2026-09-21T11:51:18.764658+00:00,NVDA,ENTRY TRIGGERED,84.0,221.9487,219.8459863596535,224.0514136403465,226.15412728069305,holding above VWAP; opening-range breakout; volume 6.1x; 15m momentum; positive 1M trend; enough daily range,2026-09-22,0.03118421111359293,0.03618536953601925,0.020506089920778958,True,True,False,CORRECT,2026-09-28,0.03113918040678576,0.050738331487713895,-0.0038689285501981585,True,True,False,CORRECT,PENDING,PENDING
c1c3ea78231ec98cc43e,2026-09-21,2026-09-21T11:51:18.764658+00:00,NVDA,ENTRY TRIGGERED,84.0,221.9487,219.8459863596535,224.0514136403465,226.15412728069305,holding above VWAP; opening-range breakout; volume 6.1x; 15m momentum; positive 1M trend; enough daily range,2026-09-22,0.03118421111359293,0.03618536953601925,0.020506089920778958,True,True,False,CORRECT,2026-09-28,0.03113918040678576,0.050738331487713895,-0.0038689285501981585,True,True,False,CORRECT,PENDING,PENDING
e5b94a823f40e626dd8a,2026-09-21,2026-09-21T22:33:11.204275+00:00,MSFT,ENTRY TRIGGERED,75.0,501.69,498.0958302383539,505.28416976164607,508.87833952329214,holding above VWAP; opening-range breakout; volume 3.2x; near support; positive 1M trend,2026-09-22,-0.007355139628057117,0.013574119476170488,-0.016025844851433435,True,False,True,AMBIGUOUS,2026-09-28,0.01500927110507111,0.035300732352772535,-0.020869458787890705,True,True,True,AMBIGUOUS,PENDING,PENDING
cf615b1d5eab2c5f2ff2,2026-09-21,2026-09-21T22:33:11.204275+00:00,SPY,ENTRY TRIGGERED,75.0,773.17,768.53098,777.8090199999999,782.4480399999999,holding above VWAP; opening-range breakout; volume 3.2x; near support; positive 1M trend,2026-09-22,0.0002716154051665143,0.0025479708840714377,-0.000776016498029164,False,False,False,CORRECT,2026-09-28,-0.009777946180577923,0.0025479708840714377,-0.012830296053907841,False,False,True,WRONG,PENDING,PENDING
986a39b54476e2dffdb3,2026-09-21,2026-09-21T11:51:18.764658+00:00,CAT,ENTRY TRIGGERED,71.0,809.5,801.9186328419765,817.0813671580235,824.6627343160469,holding above VWAP; opening-range breakout; volume 3.4x; near support; enough daily range,2026-09-22,-0.0018406303080604758,0.0036566052781423775,-0.008511444902331688,False,False,False,WRONG,2026-09-28,0.012909218291576652,0.022322430295514284,-0.018900540818985512,True,True,True,AMBIGUOUS,PENDING,PENDING
dd20b178721e2723198a,2026-09-21,2026-09-21T22:33:11.204275+00:00,WMT,ENTRY TRIGGERED,71.0,107.36,106.71584,108.00416,108.64832,holding above VWAP; opening-range breakout; volume 11.9x; near support; positive 1M trend,2026-09-22,0.025707924241635816,0.026359933321593143,0.0023286196940346393,True,True,False,CORRECT,2026-09-28,0.012760836037011947,0.0360469761264306,-0.008476183418012373,True,True,True,AMBIGUOUS,PENDING,PENDING
710837de1b204fe16444,2026-09-21,2026-09-21T22:33:11.204275+00:00,AVGO,ENTRY TRIGGERED,71.0,362.411,358.3965687951841,366.4254312048159,370.43986240963176,holding above VWAP; opening-range breakout; volume 2.9x; near support; enough daily range,2026-09-22,0.005874569328530033,0.011420701339001083,-0.00861174593232028,True,False,False,CORRECT,2026-09-28,-0.035432127269264035,0.011420701339001083,-0.04282702608795674,True,False,True,AMBIGUOUS,PENDING,PENDING
a9803032adbc78f02954,2026-09-21,2026-09-21T22:33:11.204275+00:00,ASML,ENTRY TRIGGERED,71.0,1711.9448,1692.2315237606306,1731.6580762393694,1751.3713524787388,holding above VWAP; opening-range breakout; volume 2.7x; near support; enough daily range,2026-09-22,0.02100256060479433,0.022053953592355846,-0.010312692872749163,True,False,False,CORRECT,2026-09-28,0.03473548573510521,0.0424168224312782,-0.010312692872749163,True,True,False,CORRECT,PENDING,PENDING
826dc442c0ed14801adc,2026-09-21,2026-09-21T22:33:11.204275+00:00,WMT,ENTRY TRIGGERED,71.0,107.36,106.71584,108.00416,108.64832,holding above VWAP; opening-range breakout; volume 11.9x; near support; positive 1M trend,2026-09-22,0.025707924241635816,0.026359933321593143,0.0023286196940346393,True,True,False,CORRECT,2026-09-28,0.012760836037011947,0.0360469761264306,-0.008476183418012373,True,True,True,AMBIGUOUS,PENDING,PENDING
2a1d21b0e91e4a343030,2026-09-21,2026-09-21T22:33:11.204275+00:00,WMT,ENTRY TRIGGERED,71.0,107.36,106.71584,108.00416,108.64832,holding above VWAP; opening-range breakout; volume 11.9x; near support; positive 1M trend,2026-09-22,0.025707924241635816,0.026359933321593143,0.0023286196940346393,True,True,False,CORRECT,2026-09-28,0.012760836037011947,0.0360469761264306,-0.008476183418012373,True,True,True,AMBIGUOUS,PENDING,PENDING
114073cd5ed566659bf9,2026-09-21,2026-09-21T11:51:18.764658+00:00,AMD,ENTRY TRIGGERED,70.0,558.8,550.7886992936207,566.8113007063793,574.8226014127586,opening-range breakout; volume 5.7x; 15m momentum; positive 1M trend; enough daily range,2026-09-22,0.11626703566794916,0.11760919744318188,0.08502147021938766,True,True,False,CORRECT,2026-09-28,0.0878131623428553,0.1435218324982106,0.06669650559094276,True,True,False,CORRECT,PENDING,PENDING
5446e3e42373adca2952,2026-09-21,2026-09-21T11:51:18.764658+00:00,MU,ENTRY TRIGGERED,70.0,1015.0675,999.8414875,1030.2935125,1045.5195250000002,opening-range breakout; volume 3.3x; 15m momentum; positive 1M trend; enough daily range,2026-09-22,0.0798888095419148,0.08096259608351164,0.014730566717237936,True,True,False,CORRECT,2026-09-28,0.03833486981777079,0.09226230837173399,0.014730566717237936,True,True,False,CORRECT,PENDING,PENDING
05632f38feabfea60dda,2026-09-21,2026-09-21T11:51:18.764658+00:00,PLTR,ENTRY TRIGGERED,68.0,177.8,175.28901862197313,180.3109813780269,182.8219627560537,opening-range breakout; volume 3.4x; near support; positive 1M trend; enough daily range,2026-09-22,0.040438726058290575,0.04353202073190543,0.023790769287383995,True,True,False,CORRECT,2026-09-28,0.05444317057108572,0.09493809153982702,0.023790769287383995,True,True,False,CORRECT,PENDING,PENDING
cc3a346e99119ddfb893,2026-09-21,2026-09-21T11:51:18.764658+00:00,PLTR,ENTRY TRIGGERED,68.0,177.8,175.28901862197313,180.3109813780269,182.8219627560537,opening-range breakout; volume 3.4x; near support; positive 1M trend; enough daily range,2026-09-22,0.040438726058290575,0.04353202073190543,0.023790769287383995,True,True,False,CORRECT,2026-09-28,0.05444317057108572,0.09493809153982702,0.023790769287383995,True,True,False,CORRECT,PENDING,PENDING
8f240e5112494df9a003,2026-09-21,2026-09-21T11:51:18.764658+00:00,PLTR,ENTRY TRIGGERED,68.0,177.8,175.28901862197313,180.3109813780269,182.8219627560537,opening-range breakout; volume 3.4x; near support; positive 1M trend; enough daily range,2026-09-22,0.040438726058290575,0.04353202073190543,0.023790769287383995,True,True,False,CORRECT,2026-09-28,0.05444317057108572,0.09493809153982702,0.023790769287383995,True,True,False,CORRECT,PENDING,PENDING
08ff248edf44e3d11be2,2026-09-21,2026-09-21T22:33:11.204275+00:00,AMZN,ENTRY TRIGGERED,68.0,258.25,256.35162830553713,260.14837169446287,262.04674338892573,holding above VWAP; opening-range breakout; volume 4.6x; near support,2026-09-22,-0.012662165624243715,0.0029041626331074433,-0.01730881402014761,False,False,True,WRONG,2026-09-28,-0.04685384744826959,0.0029041626331074433,-0.05235238827671229,False,False,True,WRONG,PENDING,PENDING
c46d923cc59c13882cb8,2026-09-21,2026-09-21T22:33:11.204275+00:00,AMZN,ENTRY TRIGGERED,68.0,258.25,256.35162830553713,260.14837169446287,262.04674338892573,holding above VWAP; opening-range breakout; volume 4.6x; near support,2026-09-22,-0.012662165624243715,0.0029041626331074433,-0.01730881402014761,False,False,True,WRONG,2026-09-28,-0.04685384744826959,0.0029041626331074433,-0.05235238827671229,False,False,True,WRONG,PENDING,PENDING
40d52cc1f3883c022cc4,2026-09-21,2026-09-21T22:33:11.204275+00:00,AMZN,ENTRY TRIGGERED,68.0,258.25,256.35162830553713,260.14837169446287,262.04674338892573,holding above VWAP; opening-range breakout; volume 4.6x; near support,2026-09-22,-0.012662165624243715,0.0029041626331074433,-0.01730881402014761,False,False,True,WRONG,2026-09-28,-0.04685384744826959,0.0029041626331074433,-0.05235238827671229,False,False,True,WRONG,PENDING,PENDING
b86699917b78fd58b3d6,2026-09-21,2026-09-21T11:51:18.764658+00:00,QQQ,WATCH,67.0,721.9707,717.6388757999999,726.3025242,730.6343484,holding above VWAP; opening-range breakout; volume 5.2x; positive 1M trend,2026-09-22,0.03530520279099458,0.03653787554804855,0.026260473833330522,True,True,False,CORRECT,2026-09-28,0.020166094409198365,0.03653787554804855,0.013379081564961703,True,True,False,CORRECT,PENDING,PENDING
7a94af2b4d69d55d1298,2026-09-21,2026-09-21T11:51:18.764658+00:00,QQQ,WATCH,67.0,721.9707,717.6388757999999,726.3025242,730.6343484,holding above VWAP; opening-range breakout; volume 5.2x; positive 1M trend,2026-09-22,0.03530520279099458,0.03653787554804855,0.026260473833330522,True,True,False,CORRECT,2026-09-28,0.020166094409198365,0.03653787554804855,0.013379081564961703,True,True,False,CORRECT,PENDING,PENDING
072a776bfe5f3fb4fa1c,2026-09-21,2026-09-21T22:33:11.204275+00:00,AAPL,WATCH,67.0,338.85,336.17956349300385,341.5204365069962,344.1908730139924,holding above VWAP; opening-range breakout; volume 8.9x; positive 1M trend,2026-09-22,0.0026560424966799445,0.019153006751927437,-0.0002951158329644876,True,True,False,CORRECT,2026-09-28,-0.0013280392607810665,0.019153006751927437,-0.013427806424763933,True,True,True,AMBIGUOUS,PENDING,PENDING
09b03307e429883a49ac,2026-09-21,2026-09-21T22:33:11.204275+00:00,AAPL,WATCH,67.0,338.85,336.17956349300385,341.5204365069962,344.1908730139924,holding above VWAP; opening-range breakout; volume 8.9x; positive 1M trend,2026-09-22,0.0026560424966799445,0.019153006751927437,-0.0002951158329644876,True,True,False,CORRECT,2026-09-28,-0.0013280392607810665,0.019153006751927437,-0.013427806424763933,True,True,True,AMBIGUOUS,PENDING,PENDING
a36d6a8fc5859062381b,2026-09-21,2026-09-21T11:51:18.764658+00:00,ASML,WATCH,63.0,1675.0,1655.3142419842554,1694.6857580157446,1714.3715160314891,opening-range breakout; volume 6.8x; 15m momentum; near support; enough daily range,2026-09-22,0.04352240263526119,0.04459698577425364,0.011516441231343322,True,True,False,CORRECT,2026-09-28,0.05755822936100752,0.06540899020522395,0.011516441231343322,True,True,False,CORRECT,PENDING,PENDING
1f0c3b264d857c3cf0e7,2026-09-21,2026-09-21T11:51:18.764658+00:00,ASML,WATCH,63.0,1675.0,1655.3142419842554,1694.6857580157446,1714.3715160314891,opening-range breakout; volume 6.8x; 15m momentum; near support; enough daily range,2026-09-22,0.04352240263526119,0.04459698577425364,0.011516441231343322,True,True,False,CORRECT,2026-09-28,0.05755822936100752,0.06540899020522395,0.011516441231343322,True,True,False,CORRECT,PENDING,PENDING
7d9c6abcaf0ca1b6c26d,2026-09-21,2026-09-21T11:51:18.764658+00:00,NFLX,WATCH,59.0,71.92,71.11184324111197,72.72815675888803,73.53631351777607,holding above VWAP; opening-range breakout; volume 6.9x; enough daily range,2026-09-22,0.0033370920760480427,0.025584011905317894,-0.004727449512587745,True,True,False,CORRECT,2026-09-28,-0.0374026229569856,0.025584011905317894,-0.04226922617605722,True,True,True,AMBIGUOUS,PENDING,PENDING
0b943f7127b9b36ee15c,2026-09-18,2026-09-18T14:14:10.147031+00:00,NVDA,ENTRY TRIGGERED,84.0,220.63999938964844,,,,holding above VWAP; opening-range breakout; volume 1.8x; 15m momentum; near support; positive 1M trend; enough daily range,2026-09-21,0.030547523168096502,0.03562364318389455,0.004169679892541245,False,False,False,CORRECT,2026-09-25,0.020077991057038336,0.04233138308433482,0.002039507566565568,False,False,False,CORRECT,PENDING,PENDING
992daa0658295d3d7052,2026-09-18,2026-09-18T22:26:15.821593+00:00,PLTR,ENTRY TRIGGERED,82.0,177.8,,,,holding above VWAP; opening-range breakout; volume 17.1x; near support; positive 1M trend; enough daily range,2026-09-21,0.029752510336842564,0.03138360451525579,-0.005849299736580882,False,False,False,CORRECT,2026-09-25,0.06676039465098604,0.09493809153982702,-0.005849299736580882,False,False,False,CORRECT,PENDING,PENDING
9bd846807e0f8f5a1abf,2026-09-18,2026-09-18T22:26:15.821593+00:00,CAT,ENTRY TRIGGERED,71.0,809.5,,,,holding above VWAP; opening-range breakout; volume 26.5x; near support; enough daily range,2026-09-21,0.00864731315626921,0.022618897539955274,-0.005262519784589248,False,False,False,CORRECT,2026-09-25,0.014922812958423348,0.022618897539955274,-0.018900540818985512,False,False,False,CORRECT,PENDING,PENDING
65949e9472de3c4032b4,2026-09-18,2026-09-18T14:14:10.147031+00:00,SNDK,ENTRY TRIGGERED,70.0,1701.3800048828125,,,,opening-range breakout; volume 4.2x; 15m momentum; positive 1M trend; enough daily range,2026-09-21,0.038357103985197094,0.07823648154412788,0.020941826505870287,False,False,False,CORRECT,2026-09-25,0.044916505263958406,0.12231246105438442,0.014699837598801224,False,False,False,CORRECT,PENDING,PENDING
a4bc4d7d2121f141efc1,2026-09-18,2026-09-18T22:26:15.821593+00:00,AMD,ENTRY TRIGGERED,70.0,558.8,,,,opening-range breakout; volume 14.3x; 15m momentum; positive 1M trend; enough daily range,2026-09-21,0.10150325614039013,0.10359699792663979,0.042000750771743034,False,False,False,CORRECT,2026-09-25,0.12854331582464673,0.1435218324982106,0.042000750771743034,False,False,False,CORRECT,PENDING,PENDING
9f806765e615d6bc28da,2026-09-18,2026-09-18T22:26:15.821593+00:00,MU,ENTRY TRIGGERED,70.0,1015.0675,,,,opening-range breakout; volume 3.3x; 15m momentum; positive 1M trend; enough daily range,2026-09-21,0.02846358585759079,0.04868887067547223,0.01538080345488102,False,False,False,CORRECT,2026-09-25,0.06621483723680943,0.09226230837173399,0.014730566717237936,False,False,False,CORRECT,PENDING,PENDING
