run_date,symbol,sector,expiry,dte,spot,return_1m,return_vs_spy_1m,volume_ratio,atm_iv,put_iv,call_iv,raw_skew,normalized_skew,put_delta,call_delta,put_strike,call_strike,put_oi,call_oi,put_volume,call_volume,put_spread_pct,call_spread_pct,quality_score,quality_label,catalyst_flag,days_to_earnings,quadrant,price_source,options_source,skew_change_5obs,skew_change_20obs,skew_percentile,divergence_score,history_observations,research_state,entry_score,signal_reason,in_portfolio
2026-10-10,AAPL,Technology,2026-11-20,41.0,336.6400146484375,0.0308356771852023,0.0009168953420983,0.9854076113659628,0.2586077692123911,0.2729903772190202,0.2425360988678466,0.0304542783511735,0.1177624262562733,-0.2581965544617449,0.232870679225112,320.0,360.0,7503.0,18756.0,1017.0,1097.0,0.0497512437810945,0.0419580419580419,87.0,HIGH,True,23.0,HEDGED RALLY,yfinance,yfinance-validated-mid,-0.0172372275775618,0.3668628863274091,86.11111111111111,2.7,37,HOLD / WATCH,48.0,rally carries downside hedging; high quote quality; call-side skew strengthening; history confirmed,False
2026-10-10,MSFT,Technology,2026-11-20,41.0,535.0700073242188,0.0865689315885438,0.0566501497454399,0.8327491408315417,0.3085739089826118,0.3180269791586439,0.2966871645826963,0.0213398145759476,0.0691562505926258,-0.2617077649647288,0.2370040234006805,505.0,580.0,2072.0,13781.0,194.0,347.0,0.0314136125654449,0.0567375886524823,86.8,HIGH,True,18.0,HEDGED RALLY,yfinance,yfinance-validated-mid,-0.0003735869354638,0.0180086532071114,79.41176470588235,0.1,35,HOLD / WATCH,33.0,rally carries downside hedging; high quote quality; history mature but skew not yet strengthening,False
2026-10-10,NVDA,Technology,2026-11-20,41.0,229.27999877929688,0.0500091506613946,0.0200903688182907,0.7743783887649036,0.3543476800555002,0.3688730905013663,0.3407298442676402,0.028143246233726,0.079422690814056,-0.2681860349202404,0.2542530484305713,215.0,250.0,29329.0,43587.0,2781.0,5693.0,0.0202020202020201,0.0132450331125827,91.9,HIGH,True,38.0,HEDGED RALLY,yfinance,yfinance-validated-mid,-0.012785007014354,0.0105484266430941,61.11111111111112,2.1,37,HOLD / WATCH,48.0,rally carries downside hedging; high quote quality; call-side skew strengthening; history confirmed,True
2026-10-10,META,Communication Services,2026-11-20,41.0,718.6699829101562,0.116169221221293,0.0862504393781891,0.5754963759538931,0.4164320861100528,0.4193018948049587,0.4174782706506653,0.0018236241542933,0.0043791634101207,-0.2563827677979644,0.2532977091311494,665.0,800.0,829.0,22897.0,43.0,668.0,0.0298507462686567,0.0350877192982456,92.3,HIGH,True,18.0,HEDGED RALLY,yfinance,yfinance-validated-mid,0.0042300338624371,0.0022130766269362,79.41176470588235,0.0,35,HOLD / WATCH,33.0,rally carries downside hedging; high quote quality; history mature but skew not yet strengthening,True
2026-10-10,AMZN,Consumer Cyclical,2026-11-20,41.0,262.42999267578125,0.0418436353633417,0.0119248535202378,0.946799680422205,0.3796838821746335,0.3833529287991303,0.3772917054037494,0.0060612233953809,0.0159638680490343,-0.2630017631610201,0.2447064016048633,245.0,290.0,8805.0,22620.0,1208.0,2069.0,0.034782608695652,0.011049723756906,90.7,HIGH,True,19.0,HEDGED RALLY,yfinance,yfinance-validated-mid,-0.0095288286952983,0.2318664832095346,48.57142857142857,1.6,36,HOLD / WATCH,48.0,rally carries downside hedging; high quote quality; call-side skew strengthening; history confirmed,False
2026-10-10,GOOGL,Communication Services,2026-11-20,41.0,351.6600036621094,0.0573060649694086,0.0273872831263046,0.6471751937798469,0.353275260665582,0.3542331756598352,0.3506082635205332,0.0036249121393019,0.010260871741974,-0.2634734267772133,0.2502074056038504,330.0,385.0,8756.0,2274.0,280.0,157.0,0.028169014084507,0.0429184549356223,89.1,HIGH,True,18.0,HEDGED RALLY,yfinance,yfinance-validated-mid,-0.0006631943706214,0.2633556763278952,85.29411764705883,0.1,35,HOLD / WATCH,33.0,rally carries downside hedging; high quote quality; history mature but skew not yet strengthening,False
2026-10-10,AVGO,Technology,2026-11-20,41.0,361.5400085449219,0.0037922635687999,-0.026126518274304,0.6938026721734233,0.3730584757124358,0.3759791346034627,0.3769952195592596,-0.0010160849557969,-0.0027236613612825,-0.2788922217499381,0.2415435771261018,340.0,400.0,11997.0,15330.0,566.0,1562.0,0.0238095238095237,0.0408163265306122,85.6,HIGH,False,60.0,CHASE,yfinance,yfinance-validated-mid,-0.0076508911102823,-0.0137336964856309,77.14285714285715,9.4,36,HOLD / WATCH,58.0,momentum and calls agree; high quote quality; call-side skew strengthening; history confirmed,True
2026-10-10,TSLA,Consumer Cyclical,2026-11-20,41.0,382.7000122070313,0.0526460963168886,0.0227273144737847,1.0987453365883353,0.4187094323571569,0.4201817174738941,0.4192253629940383,0.0009563544798558,0.002284052868052,-0.2624403698016235,0.25981488956421,355.0,425.0,4531.0,3473.0,524.0,698.0,0.016260162601626,0.019047619047619,93.6,HIGH,True,11.0,HEDGED RALLY,yfinance,yfinance-validated-mid,0.0025902460258204,0.0762285983841773,86.11111111111111,0.0,37,HOLD / WATCH,33.0,rally carries downside hedging; high quote quality; history mature but skew not yet strengthening,True
2026-10-10,AMD,Technology,2026-11-20,41.0,608.0999755859375,0.2075058939950484,0.1775871121519445,0.6112399430555614,0.5277372254951751,0.5285813865754145,0.5301175324079014,-0.0015361458324868,-0.0029108157588191,-0.2480022642894822,0.2488803844866374,550.0,700.0,5019.0,5188.0,403.0,616.0,0.0487804878048781,0.020408163265306,91.0,HIGH,True,24.0,CHASE,yfinance,yfinance-validated-mid,0.0227642745472377,0.2083485234140192,74.28571428571429,0.0,36,HOLD / WATCH,43.0,momentum and calls agree; high quote quality; history mature but skew not yet strengthening,True
2026-10-10,MU,Technology,2026-11-20,41.0,1029.0,0.05278238228887,0.022863600445766,0.7690126572864228,0.4628725988974768,0.4632400251059548,0.4737490301193078,-0.010509005013353,-0.0227038823174769,-0.245338208255146,0.2588082821434705,940.0,1160.0,859.0,606.0,84.0,249.0,0.0377358490566037,0.0423728813559322,90.4,HIGH,False,74.0,CHASE,yfinance,yfinance-validated-mid,0.0305446079365186,-0.0205467488474727,80.0,0.0,36,HOLD / WATCH,31.0,momentum and calls agree; high quote quality; bullish skew fading,True
2026-10-10,PLTR,Technology,2026-11-20,41.0,209.0500030517578,0.2604003513955775,0.2304815695524735,1.6317077104889497,0.5494818048847192,0.5592225517247192,0.54426078507828,0.0149617666464392,0.027228866385445,-0.2651711440161081,0.2607445327123255,190.0,240.0,4587.0,3954.0,1601.0,1409.0,0.0215053763440859,0.0363636363636362,89.8,HIGH,True,23.0,HEDGED RALLY,yfinance,yfinance-validated-mid,-0.0144744698742507,0.0806314369235935,52.77777777777778,2.3,37,HOLD / WATCH,48.0,rally carries downside hedging; high quote quality; call-side skew strengthening; history confirmed,False
2026-10-10,NFLX,Communication Services,2026-11-20,41.0,70.30000305175781,-0.0751216803577875,-0.1050404622008914,0.7777510146616553,0.4149046810583872,0.4108855080463502,0.4181030404031979,-0.0072175323568476,-0.0173956397369062,-0.2512116017028621,0.276356156117387,65.0,77.5,28910.0,6537.0,13083.0,446.0,0.0128205128205128,0.0319488817891374,87.8,HIGH,True,10.0,CONTRARIAN BID,yfinance,yfinance-validated-mid,-0.0218175948990515,0.180183514713909,42.85714285714285,37.3,36,EVENT RISK,60.5,price/options divergence; high quote quality; call-side skew strengthening; history confirmed; earnings in 10d,False
2026-10-10,CRM,Technology,2026-11-20,41.0,229.1300048828125,-0.0554192918537007,-0.0853380736968046,0.4330117066201807,0.3847427587708015,0.3922681237652929,0.3866948627733403,0.0055732609919526,0.0144856813153764,-0.2227194823890779,0.2832767081209544,210.0,250.0,2056.0,2780.0,158.0,546.0,0.109090909090909,0.0612244897959183,72.6,HIGH,False,53.0,FEAR,yfinance,yfinance-validated-mid,-0.0030519496797835,0.039127478589641,52.0,23.1,26,DON'T ADD,13.0,price weakness and puts agree; high quote quality; history mature but skew not yet strengthening,False
2026-10-10,ORCL,Technology,2026-11-20,41.0,141.39999389648438,-0.0720350261392237,-0.1019538079823276,0.7570834398094521,0.5270146715359476,0.5234276447484404,0.5471037901314465,-0.0236761453830061,-0.0449250213737003,-0.2767631263628871,0.2340435543280181,130.0,165.0,7995.0,17738.0,2224.0,1591.0,0.043010752688172,0.0615384615384615,82.5,HIGH,False,61.0,CONTRARIAN BID,yfinance,yfinance-validated-mid,-0.0350055844263393,-0.1979913138239647,8.571428571428571,36.0,36,ADD CANDIDATE,92.4,price/options divergence; high quote quality; call-side skew strengthening; history confirmed,False
2026-10-10,ADBE,Technology,2026-11-20,41.0,242.2700042724609,-0.0263633706157656,-0.0562821524588695,0.7452810395652129,0.4093265797195797,0.4023060236863049,0.4012964489721828,0.0010095747141221,0.0024664284318252,-0.2581020956968382,0.2403788803708202,225.0,270.0,998.0,868.0,298.0,42.0,0.201834862385321,0.3121387283236994,62.6,MEDIUM,False,60.0,FEAR,yfinance,yfinance-validated-mid,0.0095071038119189,,46.66666666666666,12.9,16,DON'T ADD,3.0,price weakness and puts agree; medium quote quality; history mature but skew not yet strengthening,False
2026-10-10,INTC,Technology,2026-11-20,41.0,104.6999969482422,0.0436602598359452,0.0137414779928413,0.6802161055273088,0.6266783252518944,0.61693725923898,0.6619858885903027,-0.0450486293513227,-0.0718847733136698,-0.2344448633768571,0.252208988273199,92.5,125.0,11695.0,28372.0,794.0,2364.0,0.0303030303030303,0.0317460317460317,90.6,HIGH,True,19.0,CHASE,yfinance,yfinance-validated-mid,0.0042233423934242,-0.0147369484396314,45.45454545454545,0.0,23,HOLD / WATCH,46.6,momentum and calls agree; high quote quality; history mature but skew not yet strengthening,False
2026-10-10,QCOM,Technology,2026-11-20,41.0,175.5,-0.0078019269827971,-0.037720708825901,0.5492142854809337,0.487652199917999,0.499552785276128,0.5103733548528294,-0.0108205695767014,-0.0221891126063225,-0.2537228261957568,0.2571475131833027,160.0,200.0,5142.0,2786.0,206.0,453.0,0.0923076923076921,0.0350877192982454,82.1,HIGH,True,25.0,CONTRARIAN BID,yfinance,yfinance-validated-mid,0.0262457190003437,,50.0,11.4,19,WATCH,68.8,price/options divergence; high quote quality; history mature but skew not yet strengthening,False
2026-10-10,TXN,Technology,2026-11-20,41.0,283.739990234375,0.0962830623790975,0.0663642805359936,0.7018528965143781,0.4366417064152134,0.4687945668793009,0.4357295027353067,0.0330650641439941,0.0757258494967308,-0.2535771943985493,0.3077206368882537,260.0,310.0,640.0,1181.0,66.0,17.0,0.1496598639455783,0.1650165016501649,56.7,MEDIUM,True,11.0,HEDGED RALLY,yfinance,yfinance-validated-mid,0.0064949400492979,,81.81818181818183,0.0,12,HOLD / WATCH,23.0,rally carries downside hedging; medium quote quality; history mature but skew not yet strengthening,False
2026-10-10,AMAT,Technology,2026-11-20,41.0,507.0299987792969,0.1167815419775493,0.0868627601344453,0.5311696916237891,0.5568858400357366,0.5714316921730446,0.5671400747915385,0.004291617381506,0.0077064580798654,-0.2651677922695149,0.2215250903999716,460.0,600.0,504.0,771.0,36.0,33.0,0.1645021645021644,0.1380846325167038,64.1,MEDIUM,True,33.0,HEDGED RALLY,yfinance,yfinance-validated-mid,0.037264693925227,,85.71428571428571,0.0,15,HOLD / WATCH,11.0,rally carries downside hedging; medium quote quality; bullish skew fading,False
2026-10-10,LRCX,Technology,2026-11-20,41.0,318.8399963378906,0.0710335363131429,0.0411147544700389,0.4911248173511586,0.5752403548190093,0.5802338602927509,0.5842149239417004,-0.0039810636489494,-0.006920696045746,-0.2716382357582874,0.2613560116734824,290.0,370.0,1258.0,576.0,25.0,5.0,0.0786026200873362,0.0612813370473538,80.8,HIGH,True,11.0,CHASE,yfinance,yfinance-validated-mid,-0.0178068924586329,,42.85714285714285,2.6,15,HOLD / WATCH,58.0,momentum and calls agree; high quote quality; call-side skew strengthening; history confirmed,False
2026-10-10,KLAC,Technology,2026-11-20,41.0,195.57000732421875,0.1037928400984251,0.0738740582553212,0.590586479049903,0.599186780001322,0.6279224611626057,0.6050583561545644,0.0228641050080413,0.0381585605209629,-0.2306198746279796,0.2494868756674802,172.0,230.0,1295.0,553.0,2.0,3.0,0.08130081300813,0.2056074766355141,60.2,MEDIUM,True,18.0,HEDGED RALLY,yfinance,yfinance-validated-mid,0.0291987605221188,,100.0,0.0,13,HOLD / WATCH,23.0,rally carries downside hedging; medium quote quality; history mature but skew not yet strengthening,False
2026-10-10,MRVL,Technology,2026-11-20,41.0,275.2799987792969,0.2131659072590705,0.1832471254159666,0.7671420742043615,0.5808735676278016,0.5799808651997387,0.5912608124625107,-0.011279947262772,-0.0194189370827073,-0.2689926389140193,0.2617762037510039,250.0,320.0,4208.0,6567.0,319.0,398.0,0.0410256410256408,0.0509554140127389,86.3,HIGH,False,52.0,CHASE,yfinance,yfinance-validated-mid,0.031590846505648,-0.0049816683791729,76.19047619047619,0.0,22,HOLD / WATCH,31.0,momentum and calls agree; high quote quality; bullish skew fading,False
2026-10-10,ARM,Technology,2026-11-20,41.0,266.2799987792969,0.0476040854991672,0.0176853036560633,0.716710065093428,0.6844377703727842,0.6718085624247562,0.7082658653317933,-0.036457302907037,-0.0532660593631183,-0.276246963409126,0.2622066697084411,240.0,320.0,3702.0,22866.0,162.0,129.0,0.0563991323210412,0.0558659217877095,83.6,HIGH,True,25.0,CHASE,yfinance,yfinance-validated-mid,-0.0047519982694727,,38.46153846153847,0.7,14,HOLD / WATCH,45.7,momentum and calls agree; high quote quality; history mature but skew not yet strengthening,False
2026-10-10,DELL,Technology,2026-11-20,41.0,586.0599975585938,0.1568039224804596,0.1268851406373556,0.693643222179836,0.5794464026666598,0.5897320018635149,0.5891031940530319,0.000628807810483,0.0010851871848529,-0.2337262635974658,0.2181880005450771,520.0,700.0,578.0,1235.0,101.0,50.0,0.0685714285714287,0.0948766603415559,75.4,HIGH,False,48.0,HEDGED RALLY,yfinance,yfinance-validated-mid,0.0057198085379075,,88.23529411764706,0.0,18,HOLD / WATCH,33.0,rally carries downside hedging; high quote quality; history mature but skew not yet strengthening,False
2026-10-10,HPQ,Technology,2026-11-20,41.0,30.200000762939453,-0.0772990777476805,-0.1072178595907844,1.11151098177644,0.4217717896462267,0.4357029302815075,0.4342665606513945,0.001436369630113,0.0034055611716416,-0.2670535954499452,0.2386487056783787,28.0,34.0,2787.0,1919.0,168.0,59.0,0.2709677419354838,0.2260869565217391,60.7,MEDIUM,False,45.0,FEAR,yfinance,yfinance-validated-mid,0.0196563489264242,,63.63636363636363,23.9,12,DON'T ADD,3.0,price weakness and puts agree; medium quote quality; history mature but skew not yet strengthening,False
2026-10-10,IBM,Technology,2026-11-20,41.0,227.1300048828125,-0.0294419248947054,-0.0593607067378093,0.553856985145864,0.3985108585189801,0.4175364610662816,0.3955005665503227,0.0220358945159589,0.0552955936956217,-0.2538486171164799,0.2664468836287073,210.0,250.0,1298.0,9312.0,85.0,3026.0,0.1153846153846153,0.0327868852459017,75.7,HIGH,True,11.0,FEAR,yfinance,yfinance-validated-mid,0.0182416604064844,,87.5,16.5,17,DON'T ADD,13.0,price weakness and puts agree; high quote quality; history mature but skew not yet strengthening,False
2026-10-10,NOW,Technology,2026-11-20,41.0,140.86000061035156,0.0738736187899129,0.043954836946809,0.5658189193757395,0.5718042738905574,0.57330918366226,0.5780674023277994,-0.0047582186655393,-0.0083214115088095,-0.2293072401699327,0.2430959013093711,125.0,165.0,4519.0,1345.0,357.0,99.0,0.0377358490566037,0.0419580419580419,87.5,HIGH,True,18.0,CHASE,yfinance,yfinance-validated-mid,0.0080998374366717,-0.0253324900239308,55.00000000000001,0.0,21,HOLD / WATCH,43.0,momentum and calls agree; high quote quality; history mature but skew not yet strengthening,False
2026-10-10,SNOW,Technology,2026-11-20,41.0,368.8900146484375,0.1187978080878244,0.0888790262447205,2.0005309423478868,0.5078307185069681,0.4866849718344563,0.4910496427965657,-0.0043646709621094,-0.0085947360075846,-0.2712370979704253,0.2486230527830438,340.0,420.0,951.0,923.0,114.0,100.0,0.1284403669724771,0.1204819277108434,72.2,HIGH,False,53.0,CHASE,yfinance,yfinance-validated-mid,-0.0267084163772527,,18.75,3.5,17,HOLD / WATCH,58.0,momentum and calls agree; high quote quality; call-side skew strengthening; history confirmed,False
2026-10-10,PANW,Technology,2026-11-20,41.0,418.7799987792969,0.2372005402266932,0.2072817583835893,0.6247163953430588,0.5285997385923344,0.5680438276801713,0.5462924924261514,0.0217513352540198,0.0411489708866368,-0.2646062522361596,0.197087477855301,380.0,500.0,1549.0,1464.0,147.0,134.0,0.2363315696649029,0.058252427184466,51.8,MEDIUM,True,40.0,HEDGED RALLY,yfinance,yfinance-validated-mid,0.054442799191769,,86.66666666666667,0.0,16,HOLD / WATCH,11.0,rally carries downside hedging; medium quote quality; bullish skew fading,False
2026-10-10,CRWD,Technology,2026-11-20,41.0,275.0400085449219,0.3168630074747318,0.2869442256316279,0.6625335013644704,0.5008770320990052,0.5119731184304598,0.5076756334977832,0.0042974849326765,0.0085799201346231,-0.251977306979848,0.2770073485674483,250.0,310.0,727.0,1815.0,117.0,114.0,0.0321543408360128,0.0408163265306122,86.1,HIGH,False,52.0,HEDGED RALLY,yfinance,yfinance-validated-mid,-0.0279230353507638,0.0154903228741357,40.0,4.3,21,HOLD / WATCH,48.0,rally carries downside hedging; high quote quality; call-side skew strengthening; history confirmed,False
2026-10-10,FTNT,Technology,2026-11-20,41.0,194.75,0.2259993233685489,0.1960805415254449,0.5022295292811513,0.5907877341192659,0.5983629160319668,0.5828579835818768,0.0155049324500899,0.026244506367764,-0.255950817829162,0.232405263124855,175.0,230.0,161.0,65.0,25.0,14.0,0.0973782771535581,0.127659574468085,34.1,LOW,True,18.0,HEDGED RALLY,yfinance,yfinance-validated-mid,0.0175365750714106,,,0.0,10,HOLD / WATCH,8.0,rally carries downside hedging; history mature but skew not yet strengthening,False
2026-10-10,DDOG,Technology,2026-11-20,41.0,293.260009765625,0.3226592465769922,0.2927404647338882,1.2367003962756102,0.6716067305594421,0.681503499222352,0.6790987141294321,0.0024047850929198,0.0035806447188471,-0.2543369833110458,0.302853606286188,260.0,340.0,219.0,1213.0,19.0,40.0,0.2039045553145336,0.1437908496732026,26.5,LOW,True,26.0,HEDGED RALLY,yfinance,yfinance-validated-mid,0.0027119982439108,,50.0,0.0,13,HOLD / WATCH,8.0,rally carries downside hedging; history mature but skew not yet strengthening,False
2026-10-10,NET,Technology,2026-11-20,41.0,360.9299926757813,0.1599125143837263,0.1299937325406224,0.8727453025924132,0.6714570627894634,0.6825088954728168,0.653519793838548,0.0289891016342688,0.0431734257345333,-0.2545622463845478,0.219356129561509,320.0,440.0,220.0,538.0,8.0,2.0,0.1230228471001757,0.2284122562674094,32.1,LOW,True,19.0,HEDGED RALLY,yfinance,yfinance-validated-mid,0.0524460066842677,,76.92307692307693,0.0,14,HOLD / WATCH,0.0,rally carries downside hedging; bullish skew fading,False
2026-10-10,MDB,Technology,2026-11-20,41.0,385.9299926757813,0.0322571955923169,0.002338413749213,0.6396679002663798,0.5606092715057602,0.5561754668936607,0.5612522333535279,-0.0050767664598672,-0.0090558018176034,-0.2605804159666527,0.242408826786638,350.0,450.0,615.0,389.0,45.0,52.0,0.1680000000000001,0.2526315789473682,52.4,MEDIUM,False,52.0,CHASE,yfinance,yfinance-validated-mid,-0.0389379515947669,,,3.7,10,HOLD / WATCH,48.0,momentum and calls agree; medium quote quality; call-side skew strengthening; history confirmed,False
2026-10-10,SHOP,Technology,2026-11-20,41.0,170.85000610351562,0.3495261308272439,0.31960734898414,0.6948724355237222,0.6294882313957489,0.6194779810274303,0.6184198353528175,0.0010581456746128,0.0016809618064925,-0.2259298196371159,0.2628017614435868,150.0,200.0,1050.0,1461.0,85.0,1586.0,0.1553398058252426,0.0784313725490195,66.8,MEDIUM,True,24.0,HEDGED RALLY,yfinance,yfinance-validated-mid,0.0074006864228273,,38.46153846153847,0.0,14,HOLD / WATCH,23.0,rally carries downside hedging; medium quote quality; history mature but skew not yet strengthening,False
2026-10-10,UBER,Technology,2026-11-20,41.0,71.51000213623047,-0.0144707201997269,-0.0443895020428308,0.9613368026045684,0.3962234992019124,0.4023327955979381,0.3969164060082696,0.0054163895896684,0.0136700362310118,-0.2093727389452035,0.2287232566408664,65.0,80.0,14245.0,7441.0,891.0,879.0,0.0491803278688525,0.0253164556962025,81.2,HIGH,True,25.0,FEAR,yfinance,yfinance-validated-mid,0.0122385966823224,-0.0260199499563235,45.0,13.2,21,DON'T ADD,13.0,price weakness and puts agree; high quote quality; history mature but skew not yet strengthening,False
2026-10-10,ABNB,Consumer Cyclical,2026-11-20,41.0,165.8699951171875,-0.0106173506954968,-0.0405361325386007,0.4299828382838284,0.4093402601511694,0.4231427660283027,0.3950586447153991,0.0280841213129036,0.0686082558860253,-0.2084729003452667,0.3024728465680001,150.0,180.0,671.0,627.0,50.0,15.0,0.0875420875420876,0.0759493670886075,71.6,HIGH,True,26.0,FEAR,yfinance,yfinance-validated-mid,0.2005593942385839,,,10.6,10,DON'T ADD,1.0,price weakness and puts agree; high quote quality; bullish skew fading,False
2026-10-10,DASH,Consumer Cyclical,2026-11-20,41.0,196.5,-0.022533944221281,-0.052452726064385,0.5727419616240295,0.5384805196635793,0.553235687952014,0.5259735122317478,0.0272621757202662,0.0506279702324209,-0.2290788477088692,0.2178865587032584,175.0,230.0,1198.0,797.0,180.0,6.0,0.0845070422535211,0.2641509433962263,57.0,MEDIUM,True,25.0,FEAR,yfinance,yfinance-validated-mid,-0.0342149857713188,,,14.5,10,DON'T ADD,18.0,price weakness and puts agree; medium quote quality; call-side skew strengthening; history confirmed,False
2026-10-10,PYPL,Financial Services,2026-11-20,41.0,55.52999877929688,0.0416431691768461,0.0117243873337422,1.0016086723870476,0.4169946478241093,0.4343842784122782,0.4219274042187693,0.0124568741935089,0.0298729834028069,-0.2049145177804144,0.2315696440449122,50.0,62.5,2163.0,1912.0,149.0,399.0,0.14,0.0404040404040404,64.2,MEDIUM,True,17.0,HEDGED RALLY,yfinance,yfinance-validated-mid,0.0247787821512095,,66.66666666666666,0.0,13,HOLD / WATCH,23.0,rally carries downside hedging; medium quote quality; history mature but skew not yet strengthening,False
2026-10-10,COIN,Financial Services,2026-11-20,41.0,179.38999938964844,0.0412700293750292,0.0113512475319252,1.2346803730880689,0.6362955960347463,0.6392807457334868,0.6772650328098554,-0.0379842870763685,-0.0596959767018321,-0.2539916354480611,0.2219207860954222,160.0,220.0,2168.0,2990.0,216.0,569.0,0.0916030534351144,0.0962566844919786,76.1,HIGH,True,19.0,CHASE,yfinance,yfinance-validated-mid,-0.014388822573498,,40.0,2.0,16,HOLD / WATCH,61.0,momentum and calls agree; high quote quality; call-side skew strengthening; history confirmed,False
2026-10-10,HOOD,Financial Services,2026-11-20,41.0,109.0199966430664,-0.0380305754729746,-0.0679493573160785,0.6202344585901876,0.6109771669183771,0.6070700080382215,0.6255477618846209,-0.0184777538463993,-0.0302429531689322,-0.2117470584504165,0.2378520159521764,95.0,130.0,2763.0,4900.0,289.0,718.0,0.0677966101694914,0.0207612456747405,78.6,HIGH,True,17.0,CONTRARIAN BID,yfinance,yfinance-validated-mid,-0.0078036454696142,-0.0052991714477226,35.0,20.7,21,ADD CANDIDATE,88.3,price/options divergence; high quote quality; call-side skew strengthening; history confirmed,False
2026-10-10,SNDK,Technology,2026-11-20,41.0,1581.8199462890625,-0.0654440955979349,-0.0953628774410388,0.6416522903128015,0.633474914086507,0.6362967606693972,0.6577915324034712,-0.0214947717340739,-0.0339315279202021,-0.2418818401470205,0.2417377643433376,1400.0,1900.0,921.0,626.0,39.0,43.0,0.033457249070632,0.0580357142857143,87.8,HIGH,True,19.0,CONTRARIAN BID,yfinance,yfinance-validated-mid,-0.0136814716010733,-0.0060940344864756,42.85714285714285,32.9,29,ADD CANDIDATE,91.2,price/options divergence; high quote quality; call-side skew strengthening; history confirmed,True
2026-10-10,RGTI,Technology,2026-11-20,41.0,14.029999732971191,-0.0745382668743109,-0.1044570487174149,0.6531926126452847,0.6817804869156261,0.6681094037058525,0.7211035843479352,-0.0529941806420827,-0.0777290955947248,-0.3182697910744345,0.2562124449441557,13.0,17.0,1580.0,3633.0,130.0,226.0,0.1496598639455782,0.1505376344086021,56.6,MEDIUM,True,31.0,CONTRARIAN BID,yfinance,yfinance-validated-mid,0.008431409327585,0.0089908124626603,64.0,21.7,26,WATCH,69.3,price/options divergence; medium quote quality; history mature but skew not yet strengthening,True
2026-10-10,NBIS,Communication Services,2026-11-20,41.0,221.07000732421875,-0.030862273759572,-0.0607810556026759,0.5914077525091369,0.7882195605036997,0.7681368338513241,0.8179275978448224,-0.0497907639934982,-0.0631686480372045,-0.2631773982585981,0.2392948288483398,195.0,280.0,1462.0,2606.0,76.0,593.0,0.0815347721822541,0.0266666666666665,82.4,HIGH,True,31.0,CONTRARIAN BID,yfinance,yfinance-validated-mid,-0.0393929474902919,0.025575105336328,25.0,24.2,33,ADD CANDIDATE,89.2,price/options divergence; high quote quality; call-side skew strengthening; history confirmed,True
2026-10-10,JPM,Financial Services,2026-11-20,41.0,332.989990234375,-0.0534810116150826,-0.0833997934581866,0.5813006890576359,0.2494296777241144,0.2600841288425266,0.2325766794251383,0.0275074494173882,0.1102813813832261,-0.2319974567151584,0.2343795143335184,315.0,355.0,1413.0,1754.0,104.0,30.0,0.097560975609756,0.072992700729927,78.4,HIGH,True,3.0,FEAR,yfinance,yfinance-validated-mid,-0.0849645473527531,-0.0979835694038884,21.428571428571427,36.0,29,EVENT RISK,0.0,price weakness and puts agree; high quote quality; call-side skew strengthening; history confirmed; earnings in 3d,False
2026-10-10,BAC,Financial Services,2026-11-20,41.0,54.31999969482422,-0.1317135789256029,-0.1616323607687069,0.7098863288145889,0.2602503279135837,0.2711463290048957,0.249068971458972,0.0220773575459237,0.0848312381502724,-0.3192169736085379,0.2789465615792286,52.5,57.5,8979.0,10845.0,301.0,816.0,0.0837209302325582,0.0533333333333333,68.0,MEDIUM,True,4.0,FEAR,yfinance,yfinance-validated-mid,-0.0355593923776169,-0.1541531143964775,9.090909090909092,41.8,23,EVENT RISK,0.0,price weakness and puts agree; medium quote quality; call-side skew strengthening; history confirmed; earnings in 4d,False
2026-10-10,GS,Financial Services,2026-11-20,41.0,895.3200073242188,-0.1220373317743115,-0.1519561136174154,0.8320332347720594,0.3264172721479471,0.3398430793921468,0.3202633843539867,0.0195796950381601,0.0599836366173838,-0.2557972896523962,0.1749917405554326,840.0,1000.0,174.0,762.0,20.0,89.0,0.219548872180451,0.1565217391304348,16.9,LOW,True,3.0,FEAR,yfinance,yfinance-validated-mid,0.0222699426005284,-0.0872139700033962,44.0,9.3,26,EVENT RISK,0.0,price weakness and puts agree; history mature but skew not yet strengthening; earnings in 3d,False
2026-10-10,MS,Financial Services,2026-11-20,41.0,190.0200042724609,-0.1064610128833657,-0.1363797947264696,0.8116621782399354,0.3124804308753852,0.3395188229487019,0.2855610023992686,0.0539578205494332,0.1726758389262181,-0.2835085244335842,0.3299542241091999,180.0,200.0,1129.0,970.0,21.0,148.0,0.0493827160493827,0.1066666666666667,61.3,MEDIUM,True,4.0,FEAR,yfinance,yfinance-validated-mid,-0.0062457153155706,,91.66666666666666,31.3,13,EVENT RISK,0.0,price weakness and puts agree; medium quote quality; call-side skew strengthening; history confirmed; earnings in 4d,False
2026-10-10,C,Financial Services,2026-11-20,41.0,129.63999938964844,-0.0639711235404445,-0.0938899053835484,0.6443167798419309,0.3010566209981433,0.3278200840187183,0.2797507596636457,0.0480693243550726,0.1596687167872287,-0.2121134797340617,0.2341717895214272,120.0,140.0,4778.0,6191.0,77.0,557.0,0.0662983425414365,0.0503144654088049,78.9,HIGH,True,3.0,FEAR,yfinance,yfinance-validated-mid,0.0330152036315333,,100.0,27.2,15,EVENT RISK,0.0,price weakness and puts agree; high quote quality; bullish skew fading; earnings in 3d,False
2026-10-10,WFC,Financial Services,2026-11-20,41.0,83.55000305175781,-0.0659585701260364,-0.0958773519691403,1.570697311582515,0.2867171502091188,0.3040758049138964,0.2649964366250625,0.0390793682888339,0.1362993746984829,-0.2025317103148373,0.2289530150926256,77.5,90.0,6818.0,7017.0,190.0,242.0,0.187192118226601,0.1164021164021163,55.4,MEDIUM,True,3.0,FEAR,yfinance,yfinance-validated-mid,-0.0370390311190254,,69.23076923076923,23.2,14,EVENT RISK,0.0,price weakness and puts agree; medium quote quality; call-side skew strengthening; history confirmed; earnings in 3d,False
2026-10-10,AXP,Financial Services,2026-11-20,41.0,308.1700134277344,-0.036128633459204,-0.0660474153023079,0.7261311484641157,0.2877670336384091,0.2917854626990838,0.2873959266199228,0.0043895360791609,0.0152537836723735,-0.2369148440605133,0.2690347368157977,290.0,330.0,805.0,1265.0,190.0,575.0,0.1136363636363636,0.0860215053763439,75.4,HIGH,True,13.0,FEAR,yfinance,yfinance-validated-mid,-0.0855669810153419,,8.333333333333332,29.9,13,DON'T ADD,28.0,price weakness and puts agree; high quote quality; call-side skew strengthening; history confirmed,False
2026-10-10,SCHW,Financial Services,2026-11-20,41.0,96.6999969482422,-0.0990403866716121,-0.1289591685147161,0.7722614173452875,0.2855216352952193,0.3039451603096583,0.2703832510214831,0.0335619092881752,0.1175459409703694,-0.2118823783366842,0.2078764500135653,90.0,105.0,1920.0,4083.0,19.0,37.0,0.104417670682731,0.1928934010152284,55.7,MEDIUM,True,5.0,FEAR,yfinance,yfinance-validated-mid,-0.0180615784953684,,,28.1,9,EVENT RISK,0.0,price weakness and puts agree; medium quote quality; call-side skew strengthening; history confirmed; earnings in 5d,False
2026-10-10,USB,Financial Services,2026-11-20,41.0,57.08000183105469,-0.0768285583348736,-0.1067473401779776,0.6043311033107318,0.2583529846368235,0.2738369521476312,0.2543423742586642,0.0194945778889669,0.0754571421590938,-0.3087812453533198,0.312088896853223,55.0,60.0,1022.0,1137.0,60.0,456.0,0.0917431192660549,0.1390374331550802,60.1,MEDIUM,True,5.0,FEAR,yfinance,yfinance-validated-mid,-0.0269099127561728,,27.27272727272727,26.4,12,EVENT RISK,0.0,price weakness and puts agree; medium quote quality; call-side skew strengthening; history confirmed; earnings in 5d,False
2026-10-10,PNC,Financial Services,2026-11-20,41.0,219.2100067138672,-0.0978269381497803,-0.1277457199928843,0.5917233444322967,0.2586308319142601,0.3059905949956475,0.2317254580699488,0.0742651369256987,0.2871472684676616,-0.3037567778110142,0.300837176623243,210.0,230.0,229.0,147.0,14.0,13.0,0.1304347826086958,0.24,19.8,LOW,True,5.0,FEAR,yfinance,yfinance-validated-mid,,,,9.3,5,EVENT RISK,0.0,price weakness and puts agree; history count met but 5-observation change unavailable; earnings in 5d,False
2026-10-10,COF,Financial Services,2026-11-20,41.0,199.25999450683597,-0.03790259321318,-0.0678213750562839,0.7455064785642137,0.3428132723912011,0.3565194746556291,0.3303895136942518,0.0261299609613773,0.0762221391812366,-0.2361377942026252,0.2123584312395119,185.0,220.0,770.0,527.0,18.0,44.0,0.1142857142857144,0.1386138613861386,66.3,MEDIUM,True,10.0,FEAR,yfinance,yfinance-validated-mid,-0.0037012533963522,,63.63636363636363,16.9,12,EVENT RISK,0.0,price weakness and puts agree; medium quote quality; history mature but skew not yet strengthening; earnings in 10d,False
2026-10-10,MET,Financial Services,2026-11-20,41.0,98.33000183105467,0.0160157374592713,-0.0139030443838326,0.7042389384265707,0.284545722669633,0.3203262631450169,0.259228529110121,0.0610977340348958,0.2147202687205119,-0.1787731198195163,0.2545461238543614,90.0,105.0,5169.0,1013.0,22.0,9.0,0.2325581395348837,0.3199999999999999,47.2,MEDIUM,True,25.0,HEDGED RALLY,yfinance,yfinance-validated-mid,0.1587349206370013,,,2.4,7,HOLD / WATCH,11.0,rally carries downside hedging; medium quote quality; bullish skew fading,False
2026-10-10,PRU,Financial Services,2026-11-20,41.0,113.08999633789062,-0.0454929681492749,-0.0754117499923788,1.146900801065501,0.2966248284984385,0.3112725677093582,0.2771905111005504,0.0340820566088078,0.1148995408824561,-0.2099198072373322,0.293366125477498,105.0,120.0,88.0,258.0,3.0,46.0,0.3050847457627118,0.1621621621621621,17.1,LOW,True,24.0,FEAR,yfinance,yfinance-validated-mid,0.0587499058328518,,,4.7,6,DON'T ADD,0.0,price weakness and puts agree; bullish skew fading,False
2026-10-10,XOM,Energy,2026-11-20,41.0,168.94000244140625,0.0224535908115914,-0.0074651910315124,0.6025643797059036,0.2919970697417779,0.3104194604062638,0.2699776357087847,0.040441824697479,0.1385007895224532,-0.2683537561575276,0.27228355672902,160.0,180.0,3524.0,7513.0,450.0,161.0,0.0394736842105263,0.0901639344262294,78.7,HIGH,True,20.0,HEDGED RALLY,yfinance,yfinance-validated-mid,0.0039818485927693,0.1576500748732262,85.71428571428571,2.2,29,HOLD / WATCH,33.0,rally carries downside hedging; high quote quality; history mature but skew not yet strengthening,False
2026-10-10,CVX,Energy,2026-11-20,41.0,211.97999572753903,-0.0036660970080623,-0.0335848788511662,0.6610036892082133,0.291140046294665,0.3141789306504787,0.268608993835864,0.0455699368146146,0.1565223932419554,-0.2585597229915476,0.2085834078874132,200.0,230.0,2721.0,18138.0,210.0,261.0,0.0680272108843537,0.0881670533642691,74.2,HIGH,True,20.0,FEAR,yfinance,yfinance-validated-mid,0.0210446793429158,0.2022855944818275,92.85714285714286,9.1,29,DON'T ADD,13.0,price weakness and puts agree; high quote quality; history mature but skew not yet strengthening,False
2026-10-10,COP,Energy,2026-11-20,41.0,134.10000610351562,-0.0214534977134641,-0.051372279556568,0.5554679212680698,0.325307387531454,0.3387759425561867,0.3070294025264775,0.0317465400297091,0.097589360852248,-0.2372273226203403,0.2532421740812104,125.0,145.0,699.0,755.0,13.0,2854.0,0.1113585746102449,0.1306532663316582,73.9,HIGH,True,26.0,FEAR,yfinance,yfinance-validated-mid,0.0189126487435391,,75.0,13.9,13,DON'T ADD,13.0,price weakness and puts agree; high quote quality; history mature but skew not yet strengthening,False
2026-10-10,SLB,Energy,2026-11-20,41.0,48.95000076293945,-0.126048880024328,-0.1559676618674319,0.5505293383742362,0.3619319515631154,0.3703431758348041,0.3754369627345865,-0.0050937868997824,-0.0140738801252096,-0.2188404628921836,0.2039764275603038,45.0,55.0,7076.0,8514.0,97.0,90.0,0.1234567901234567,0.2255639097744361,53.5,MEDIUM,True,13.0,CONTRARIAN BID,yfinance,yfinance-validated-mid,0.0306208595180403,,50.0,29.4,13,WATCH,58.0,price/options divergence; medium quote quality; bullish skew fading,False
2026-10-10,EOG,Energy,2026-11-20,41.0,148.16000366210938,0.004747029135842,-0.0251717527072619,0.6936000791711391,0.3051349131892905,0.3396757853320252,0.3120828771506519,0.0275929081813732,0.0904285514003309,-0.2762548118445177,0.2611602622889557,140.0,160.0,84.0,150.0,12.0,13.0,0.1639344262295082,0.193548387096774,22.1,LOW,True,26.0,HEDGED RALLY,yfinance,yfinance-validated-mid,-0.1219973351770541,,,6.9,8,HOLD / WATCH,23.0,rally carries downside hedging; call-side skew strengthening; history confirmed,False
2026-10-10,MPC,Energy,2026-11-20,41.0,455.0299987792969,0.1595484002068929,0.129629618363789,0.6508411771517427,0.5139231692533924,0.5365725112871602,0.5122589709220206,0.0243135403651396,0.0473096793835184,-0.2437291307278022,0.2903834762125707,410.0,510.0,143.0,742.0,191.0,6.0,0.0849420849420849,0.2222222222222222,22.8,LOW,True,24.0,HEDGED RALLY,yfinance,yfinance-validated-mid,0.0258324836275943,0.0727814444307698,82.6086956521739,0.0,24,HOLD / WATCH,8.0,rally carries downside hedging; history mature but skew not yet strengthening,False
2026-10-10,PSX,Energy,2026-11-20,41.0,278.17999267578125,0.0760898308270143,0.0461710489839104,0.8843716712856031,0.4253507045302551,0.4398806768661729,0.4091739068233737,0.0307067700427992,0.0721916520079846,-0.2868436279960583,0.2455942296086798,260.0,310.0,228.0,115.0,22.0,16.0,0.1383647798742137,0.1538461538461538,29.2,LOW,True,18.0,HEDGED RALLY,yfinance,yfinance-validated-mid,0.0041918653875551,,100.0,0.0,12,HOLD / WATCH,8.0,rally carries downside hedging; history mature but skew not yet strengthening,False
2026-10-10,OXY,Energy,2026-11-20,41.0,60.11000061035156,-0.0171680712831946,-0.0470868531262985,0.6937942599054614,0.3482348571968213,0.3554736983047437,0.3423833868720027,0.0130903114327409,0.0375904685077011,-0.199615955791892,0.2792611240664954,55.0,65.0,4119.0,8532.0,47.0,111.0,0.0828402366863904,0.0977777777777776,70.3,HIGH,True,30.0,FEAR,yfinance,yfinance-validated-mid,0.035528369859305,,46.15384615384615,12.1,14,DON'T ADD,1.0,price weakness and puts agree; high quote quality; bullish skew fading,False
2026-10-10,VLO,Energy,2026-11-20,41.0,433.75,0.1253664951934991,0.0954477133503952,0.876341271918346,0.5159341457639052,0.5165929854317434,0.510264170200928,0.0063288152308154,0.0122667113289135,-0.2337342727082807,0.2359596235172247,390.0,500.0,81.0,161.0,51.0,27.0,0.1071428571428572,0.1375661375661374,34.1,LOW,True,12.0,HEDGED RALLY,yfinance,yfinance-validated-mid,-0.0217197756714491,,91.66666666666666,1.3,13,HOLD / WATCH,23.0,rally carries downside hedging; call-side skew strengthening; history confirmed,False
2026-10-10,HAL,Energy,2026-11-20,41.0,32.54999923706055,-0.0975880368046903,-0.1275068186477942,0.4892360083336585,0.3634003901854046,0.4020948656984263,0.356418812213342,0.0456760534850843,0.1256907111788753,-0.321766720544729,0.2278341125120594,31.0,36.0,172.0,871.0,15.0,53.0,0.3232323232323232,0.2680412371134022,17.5,LOW,True,10.0,FEAR,yfinance,yfinance-validated-mid,0.3987542658695898,,,8.2,10,EVENT RISK,0.0,price weakness and puts agree; bullish skew fading; earnings in 10d,False
2026-10-10,LLY,Healthcare,2026-11-20,41.0,1179.27001953125,0.0501068740260464,0.0201880921829424,0.6058601442731397,0.3969552619130674,0.4075943248123965,0.3636993814170038,0.0438949433953926,0.1105790692478731,-0.3160839026748256,0.241402239042915,1120.0,1300.0,567.0,872.0,56.0,17.0,0.1464788732394367,0.2694300518134715,48.5,MEDIUM,True,19.0,HEDGED RALLY,yfinance,yfinance-validated-mid,0.1166568514093139,0.0699588660047475,90.47619047619048,0.0,22,HOLD / WATCH,11.0,rally carries downside hedging; medium quote quality; bullish skew fading,False
2026-10-10,UNH,Healthcare,2026-11-20,41.0,379.2999877929688,-0.0171124530596125,-0.0470312349027164,1.4809750385758442,0.3733227537059685,0.3821696231284209,0.3627715456003992,0.0193980775280216,0.051960608710445,-0.2336801725779159,0.2294751180444948,350.0,420.0,7628.0,1582.0,191.0,238.0,0.1060070671378091,0.1034482758620689,76.3,HIGH,True,3.0,FEAR,yfinance,yfinance-validated-mid,0.0220955565738748,-0.072945751054036,36.66666666666666,13.2,31,EVENT RISK,0.0,price weakness and puts agree; high quote quality; history mature but skew not yet strengthening; earnings in 3d,False
2026-10-10,JNJ,Healthcare,2026-11-20,41.0,261.44000244140625,-0.0184344041659271,-0.048353186009031,0.8454511964551882,0.2545630682115892,0.2629217498079559,0.2496403871751773,0.0132813626327786,0.0521731715683884,-0.273316555193867,0.2344753310339909,250.0,280.0,1527.0,1266.0,472.0,303.0,0.0987654320987654,0.0833333333333334,76.9,HIGH,True,3.0,FEAR,yfinance,yfinance-validated-mid,0.0192317680563425,,84.61538461538461,13.6,14,EVENT RISK,0.0,price weakness and puts agree; high quote quality; history mature but skew not yet strengthening; earnings in 3d,False
2026-10-10,ABBV,Healthcare,2026-11-20,41.0,276.4700012207031,0.0841960832184436,0.0542773013753397,0.9488513608247195,0.292793882914355,0.3268450066837602,0.2648065890784377,0.0620384176053225,0.2118842681678201,-0.2557561668309557,0.2045934793810152,260.0,300.0,994.0,1978.0,137.0,109.0,0.0913705583756345,0.1072088724584103,69.9,MEDIUM,True,20.0,HEDGED RALLY,yfinance,yfinance-validated-mid,0.058265642783932,,83.33333333333334,0.0,13,HOLD / WATCH,11.0,rally carries downside hedging; medium quote quality; bullish skew fading,False
2026-10-10,MRK,Healthcare,2026-11-20,41.0,145.60000610351562,0.0120893337263443,-0.0178294481167595,0.9417401157440854,0.3435805937701988,0.3481907686999531,0.3451615692622802,0.0030291994376728,0.0088165615072511,-0.2282631504959457,0.2362023297293541,135.0,160.0,8578.0,4499.0,125.0,1258.0,0.0964360587002096,0.0589569160997731,77.7,HIGH,True,19.0,HEDGED RALLY,yfinance,yfinance-validated-mid,-0.0108168730289446,,8.333333333333332,6.6,13,HOLD / WATCH,48.0,rally carries downside hedging; high quote quality; call-side skew strengthening; history confirmed,False
2026-10-10,PFE,Healthcare,2026-11-20,41.0,28.280000686645508,0.0227848490707762,-0.0071339327723276,0.695090939725487,0.2526316788122959,0.2896449107282846,0.2162781539598976,0.0733667567683869,0.2904099640761919,-0.2836763294525731,0.2369030415669668,27.0,30.0,7351.0,19187.0,510.0,647.0,0.1568627450980393,0.0363636363636363,64.1,MEDIUM,True,24.0,HEDGED RALLY,yfinance,yfinance-validated-mid,0.0407155347246219,,100.0,1.7,16,HOLD / WATCH,11.0,rally carries downside hedging; medium quote quality; bullish skew fading,False
2026-10-10,TMO,Healthcare,2026-11-20,41.0,658.02001953125,0.0917543533464331,0.0618355715033291,0.6573295130846291,0.3671754969643632,0.3827555183716636,0.3697319878024929,0.0130235305691707,0.0354694980379771,-0.2451390090170373,0.2649365054369116,610.0,720.0,78.0,37.0,1.0,2.0,0.198473282442748,0.1376518218623481,19.9,LOW,True,11.0,HEDGED RALLY,yfinance,yfinance-validated-mid,-0.0135797857998775,,,0.5,10,HOLD / WATCH,23.0,rally carries downside hedging; call-side skew strengthening; history confirmed,False
2026-10-10,ABT,Healthcare,2026-11-20,41.0,99.5999984741211,-0.0363777294313782,-0.0662965112744822,0.733689609638219,0.3062011406967796,0.3210383863350162,0.2842033444608169,0.0368350418741993,0.1202968799867267,-0.2168507321610966,0.3229367686843971,92.5,105.0,822.0,1888.0,24.0,70.0,0.2142857142857143,0.1052631578947368,46.8,MEDIUM,True,11.0,FEAR,yfinance,yfinance-validated-mid,0.0147264483245608,,27.27272727272727,11.4,12,DON'T ADD,3.0,price weakness and puts agree; medium quote quality; history mature but skew not yet strengthening,False
2026-10-10,AMGN,Healthcare,2026-11-20,41.0,414.8699951171875,0.0847125102441381,0.0547937284010342,0.8305626224046951,0.3097042562274619,0.3372976565772795,0.3000465325693877,0.0372511240078918,0.1202796644180852,-0.1913630510044421,0.2378240572719923,380.0,450.0,1008.0,818.0,46.0,5.0,0.1818181818181818,0.1621621621621622,53.5,MEDIUM,True,24.0,HEDGED RALLY,yfinance,yfinance-validated-mid,0.270526646810301,,,0.0,8,HOLD / WATCH,11.0,rally carries downside hedging; medium quote quality; bullish skew fading,False
2026-10-10,GILD,Healthcare,2026-11-20,41.0,151.1699981689453,0.0497992183205122,0.0198804364774083,1.0091952963358837,0.3331103622298365,0.3427034431096222,0.321392512889022,0.0213109302206002,0.0639755847820077,-0.222174421851881,0.2366488073749737,140.0,165.0,4932.0,10547.0,1927.0,48.0,0.2638297872340426,0.1911421911421912,58.0,MEDIUM,True,19.0,HEDGED RALLY,yfinance,yfinance-validated-mid,-0.1064535166280333,,,11.1,8,HOLD / WATCH,38.0,rally carries downside hedging; medium quote quality; call-side skew strengthening; history confirmed,False
2026-10-10,ISRG,Healthcare,2026-11-20,41.0,423.9599914550781,0.1761637948879373,0.1462450130448334,0.7830318652504333,0.4113813887384215,0.4359724881012202,0.4357619689403272,0.000210519160893,0.0005117372021584,-0.2497706348351028,0.2499784747431987,390.0,475.0,226.0,55.0,352.0,10.0,0.2512562814070352,0.3023255813953489,24.9,LOW,True,10.0,HEDGED RALLY,yfinance,yfinance-validated-mid,0.050188181810958,,,0.0,8,EVENT RISK,0.0,rally carries downside hedging; bullish skew fading; earnings in 10d,False
2026-10-10,BMY,Healthcare,2026-11-20,41.0,59.119998931884766,-0.0630229324895637,-0.0929417143326676,0.696577639908199,0.3443001277175305,0.3501743236000603,0.3535268662857443,-0.0033525426856839,-0.0097372682023355,-0.2380898694019991,0.2410027896440446,55.0,65.0,6061.0,24349.0,43.0,6383.0,0.0970873786407767,0.0638297872340424,80.0,HIGH,True,19.0,CONTRARIAN BID,yfinance,yfinance-validated-mid,-0.106001515915869,,9.090909090909092,42.5,12,ADD CANDIDATE,89.3,price/options divergence; high quote quality; call-side skew strengthening; history confirmed,False
2026-10-10,CVS,Healthcare,2026-11-20,41.0,86.16000366210938,-0.0958127522898392,-0.1257315341329431,1.2982800577622478,0.357466436443532,0.3776039857160637,0.3356614700238053,0.0419425156922583,0.1173327378915584,-0.2466967633546817,0.2200550853947945,80.0,95.0,6726.0,3456.0,118.0,130.0,0.1231671554252199,0.086206896551724,71.0,HIGH,True,25.0,FEAR,yfinance,yfinance-validated-mid,-0.0235725709594101,,45.45454545454545,35.7,12,DON'T ADD,28.0,price weakness and puts agree; high quote quality; call-side skew strengthening; history confirmed,False
2026-10-10,CI,Healthcare,2026-11-20,41.0,282.42999267578125,0.0054109465446456,-0.0245078352984582,0.5329865970786266,0.3417938807693106,0.3590270613316531,0.338292059917404,0.020735001414249,0.0606652212952983,-0.2161706126660855,0.234171253890644,260.0,310.0,281.0,200.0,10.0,17.0,0.1123595505617977,0.1686746987951807,35.0,LOW,True,26.0,HEDGED RALLY,yfinance,yfinance-validated-mid,-0.3047613347535434,,40.0,18.9,11,HOLD / WATCH,23.0,rally carries downside hedging; call-side skew strengthening; history confirmed,False
2026-10-10,NVO,Healthcare,2026-11-20,41.0,38.63999938964844,-0.1220177036284351,-0.151936485471539,0.6263120242995696,0.385889085230074,0.38588898557558,0.3942793200502625,-0.0083903344746825,-0.0217428654912074,-0.1936809705862112,0.267474057483701,35.0,42.5,11361.0,4782.0,390.0,316.0,0.070175438596491,0.0512820512820513,73.6,HIGH,True,25.0,CONTRARIAN BID,yfinance,yfinance-validated-mid,0.0104634166431403,-0.0246604551967384,44.44444444444444,40.5,28,WATCH,80.0,price/options divergence; high quote quality; history mature but skew not yet strengthening,True
2026-10-10,WMT,Consumer Defensive,2026-11-20,41.0,111.3499984741211,0.0531542129835651,0.0232354311404612,0.5235718159016255,0.2930548508267182,0.2970642329865983,0.2863729446341846,0.0106912883524136,0.0364822091231493,-0.2467759011486274,0.2467758668727172,105.0,120.0,16013.0,13756.0,776.0,537.0,0.0350877192982456,0.0334448160535117,93.1,HIGH,True,40.0,HEDGED RALLY,yfinance,yfinance-validated-mid,-0.004801346808519,-0.0175139732204301,43.333333333333336,0.8,31,HOLD / WATCH,33.0,rally carries downside hedging; high quote quality; history mature but skew not yet strengthening,False
2026-10-10,COST,Consumer Defensive,2026-11-20,41.0,946.9199829101562,0.049358338822155,0.019439556979051,0.630907674965837,0.1905030413963962,0.1947918239983601,0.1810387471204248,0.0137530768779353,0.0721934766874306,-0.2934848412577302,0.2134538688837481,920.0,1000.0,639.0,2306.0,12.0,127.0,0.1057082452431289,0.1697416974169741,59.4,MEDIUM,False,61.0,HEDGED RALLY,yfinance,yfinance-validated-mid,0.0015163643600814,-0.0972394224708628,82.75862068965517,0.0,30,HOLD / WATCH,23.0,rally carries downside hedging; medium quote quality; history mature but skew not yet strengthening,False
2026-10-10,HD,Consumer Cyclical,2026-11-20,41.0,290.739990234375,-0.0489057937375522,-0.0788245755806561,0.9648018594900076,0.308877443552161,0.3127601874247092,0.3109858590732158,0.0017743283514934,0.0057444413262692,-0.2655758133755239,0.2502520695629103,275.0,315.0,819.0,894.0,44.0,19.0,0.1153846153846153,0.0930232558139535,75.9,HIGH,True,38.0,FEAR,yfinance,yfinance-validated-mid,-0.0023248667061887,,16.666666666666664,22.3,13,DON'T ADD,13.0,price weakness and puts agree; high quote quality; history mature but skew not yet strengthening,False
2026-10-10,LOW,Consumer Cyclical,2026-11-20,41.0,186.0,-0.0538684395704905,-0.0837872214135945,0.7792318676303897,0.3423875139135563,0.364122961959673,0.3254067960088354,0.0387161659508375,0.1130770380856012,-0.275133334349212,0.2844471581396653,175.0,200.0,394.0,440.0,55.0,118.0,0.0487804878048781,0.1176470588235293,61.3,MEDIUM,True,39.0,FEAR,yfinance,yfinance-validated-mid,0.0115250202335171,,90.9090909090909,18.8,12,DON'T ADD,3.0,price weakness and puts agree; medium quote quality; history mature but skew not yet strengthening,False
2026-10-10,TGT,Consumer Defensive,2026-11-20,41.0,153.63999938964844,-0.0134206408221266,-0.0433394226652306,0.9591378655778978,0.3923068530977536,0.4175803992496153,0.3767071969189568,0.0408732023306585,0.1041868170487296,-0.2217283356023455,0.2411131277610601,140.0,170.0,1161.0,829.0,45.0,461.0,0.108843537414966,0.0886319845857418,73.9,HIGH,True,39.0,FEAR,yfinance,yfinance-validated-mid,-0.0464563816056087,,69.23076923076923,17.9,14,DON'T ADD,28.0,price weakness and puts agree; high quote quality; call-side skew strengthening; history confirmed,False
2026-10-10,NKE,Consumer Cyclical,2026-11-20,41.0,34.709999084472656,-0.0521572884522693,-0.0820760702953732,0.5711207987595449,0.3796643433515368,0.3807526027479027,0.3840324087317842,-0.0032798059838815,-0.0086386990016723,-0.2694265655059946,0.3080408546406741,32.5,37.5,11632.0,21849.0,1438.0,1037.0,0.0769230769230769,0.0363636363636362,72.0,HIGH,False,68.0,CONTRARIAN BID,yfinance,yfinance-validated-mid,-0.0067428917545581,,50.0,22.5,19,ADD CANDIDATE,88.2,price/options divergence; high quote quality; call-side skew strengthening; history confirmed,False
2026-10-10,MCD,Consumer Cyclical,2026-11-20,41.0,235.22999572753903,-0.0704208935361044,-0.1003396753792084,0.90310561540048,0.2402155572784832,0.2343035281896433,0.2441841838464704,-0.009880655656827,-0.0411324552363291,-0.2537640899153358,0.2584009249311946,225.0,250.0,1453.0,4847.0,669.0,427.0,0.0854700854700854,0.0763888888888889,82.9,HIGH,True,25.0,CONTRARIAN BID,yfinance,yfinance-validated-mid,-0.0379578944999984,,11.11111111111111,36.2,19,ADD CANDIDATE,92.1,price/options divergence; high quote quality; call-side skew strengthening; history confirmed,False
2026-10-10,KO,Consumer Defensive,2026-11-20,41.0,88.05000305175781,0.0084868899823904,-0.0214318918607134,0.6481668224082696,0.2104547013548932,0.2141145128172666,0.2042361989354328,0.0098783138818338,0.0469379577564099,-0.2776778838596848,0.267492303968493,85.0,92.5,4578.0,3894.0,677.0,164.0,0.0799999999999998,0.0842105263157894,78.3,HIGH,True,17.0,HEDGED RALLY,yfinance,yfinance-validated-mid,-0.0206532596730088,,13.333333333333334,9.1,16,HOLD / WATCH,48.0,rally carries downside hedging; high quote quality; call-side skew strengthening; history confirmed,False
2026-10-10,PEP,Consumer Defensive,2026-11-20,41.0,125.97000122070312,-0.0781558225598721,-0.1080746044029761,0.9422095021892256,0.2075596646340505,0.205930770443947,0.2150864489688343,-0.0091556785248873,-0.0441110682127463,-0.2109665182972787,0.1943425152215271,120.0,135.0,2040.0,2657.0,210.0,365.0,0.1023255813953487,0.3068783068783069,51.1,MEDIUM,False,-2.0,CONTRARIAN BID,yfinance,yfinance-validated-mid,-0.0301874771058907,,0.0,23.0,14,ADD CANDIDATE,83.0,price/options divergence; medium quote quality; call-side skew strengthening; history confirmed,False
2026-10-10,PG,Consumer Defensive,2026-11-20,41.0,151.22999572753906,0.0577743193418944,0.0278555374987905,0.7568223922287601,0.2163045080407034,0.2412849256549712,0.1931905735636739,0.0480943520912972,0.2223455836724727,-0.2688800679668128,0.2209886395529311,145.0,160.0,2319.0,6221.0,83.0,112.0,0.0811455847255371,0.0912863070539419,76.8,HIGH,True,12.0,HEDGED RALLY,yfinance,yfinance-validated-mid,0.0382933691098599,,83.33333333333334,0.0,13,HOLD / WATCH,21.0,rally carries downside hedging; high quote quality; bullish skew fading,False
2026-10-10,CL,Consumer Defensive,2026-11-20,41.0,88.2699966430664,0.0042092731600074,-0.0257095086830965,0.570873047436879,0.2236288324101444,0.2477900950636005,0.2082230781952601,0.0395670168683404,0.1769316435716703,-0.2911009805735809,0.2838455907332049,85.0,92.5,307.0,423.0,15.0,9.0,0.2142857142857143,0.1904761904761904,37.4,LOW,True,20.0,HEDGED RALLY,yfinance,yfinance-validated-mid,-0.0466240189421204,,70.0,6.7,11,HOLD / WATCH,23.0,rally carries downside hedging; call-side skew strengthening; history confirmed,True
2026-10-10,PM,Consumer Defensive,2026-11-20,41.0,201.19000244140625,0.0692695107883984,0.0393507289452945,0.7057903178006729,0.2946183115571907,0.3100250336980034,0.2821055925729689,0.0279194411250345,0.0947647855880636,-0.2591597273611814,0.1975208904077774,190.0,220.0,627.0,1127.0,23.0,34.0,0.2608695652173912,0.2999999999999999,51.9,MEDIUM,True,11.0,HEDGED RALLY,yfinance,yfinance-validated-mid,-0.4626425146440299,,36.36363636363637,23.4,12,HOLD / WATCH,38.0,rally carries downside hedging; medium quote quality; call-side skew strengthening; history confirmed,False
2026-10-10,MO,Consumer Defensive,2026-11-20,41.0,71.68000030517578,0.0586541318622155,0.0287353500191116,1.0476816150028847,0.254259759009592,0.2599811740666795,0.2505937284483611,0.0093874456183183,0.0369206895140817,-0.2163164962553028,0.2021394752064184,67.5,77.5,482.0,818.0,39.0,79.0,0.1863354037267081,0.0458015267175572,53.8,MEDIUM,True,19.0,HEDGED RALLY,yfinance,yfinance-validated-mid,0.0022861165431352,,41.66666666666667,0.0,13,HOLD / WATCH,23.0,rally carries downside hedging; medium quote quality; history mature but skew not yet strengthening,False
2026-10-10,EL,Consumer Defensive,2026-11-20,41.0,98.0500030517578,0.016378167420564,-0.0135406144225398,0.9161298315163529,0.4714287450158965,0.4957305767984085,0.4656401079174627,0.0300904688809458,0.0638282438206673,-0.2657449536037106,0.2643194931900041,90.0,110.0,164.0,698.0,6.0,39.0,0.1565217391304348,0.0659340659340658,38.4,LOW,True,23.0,HEDGED RALLY,yfinance,yfinance-validated-mid,0.410017777130804,,,1.9,9,HOLD / WATCH,0.0,rally carries downside hedging; bullish skew fading,False
2026-10-10,LULU,Consumer Cyclical,2026-11-20,41.0,94.5,-0.0245664463345554,-0.0544852281776593,0.6600850159611678,0.4117021625477602,0.4197237634733348,0.4130741915908506,0.0066495718824842,0.0161514135396673,-0.1961552662495295,0.2548329918163493,85.0,105.0,3037.0,5765.0,156.0,115.0,0.0645161290322581,0.0962566844919785,69.7,MEDIUM,False,-37.0,FEAR,yfinance,yfinance-validated-mid,0.0616737893226246,,86.66666666666667,13.9,16,DON'T ADD,0.0,price weakness and puts agree; medium quote quality; bullish skew fading,False
2026-10-10,CAT,Industrials,2026-11-20,41.0,800.469970703125,-0.0056273655861801,-0.035546147429284,0.7495416841361054,0.4159565427054355,0.4251199416435264,0.41303701916444,0.0120829224790863,0.0290485212721922,-0.2565336935722988,0.2281585396283228,740.0,900.0,508.0,803.0,28.0,54.0,0.079155672823219,0.1129326047358834,74.8,HIGH,True,19.0,FEAR,yfinance,yfinance-validated-mid,-0.0187547633059669,0.0030776171378488,48.0,12.3,26,DON'T ADD,28.0,price weakness and puts agree; high quote quality; call-side skew strengthening; history confirmed,False
2026-10-10,GE,Industrials,2026-11-20,41.0,308.20001220703125,-0.0477597726488409,-0.0776785544919448,0.6294559880156463,0.3618374048049952,0.3712894965290249,0.3520934421642789,0.0191960543647459,0.0530516030400209,-0.2784458684106206,0.2311528744739974,290.0,340.0,742.0,568.0,9.0,62.0,0.0709219858156028,0.118918918918919,72.1,HIGH,True,10.0,FEAR,yfinance,yfinance-validated-mid,-0.0051303231099588,,18.75,21.2,17,EVENT RISK,0.0,price weakness and puts agree; high quote quality; call-side skew strengthening; history confirmed; earnings in 10d,False
2026-10-10,RTX,Industrials,2026-11-20,41.0,185.97000122070312,-0.0613264395110533,-0.0912452213541572,0.8129916019264745,0.2972516568270412,0.3082809987031342,0.2849473896783922,0.0233336090247419,0.0784978266355596,-0.2471156395393314,0.252456057780568,175.0,200.0,965.0,2035.0,27.0,315.0,0.1176470588235294,0.0625,78.7,HIGH,True,10.0,FEAR,yfinance,yfinance-validated-mid,-0.0197097091587454,,70.0,29.1,11,EVENT RISK,0.0,price weakness and puts agree; high quote quality; call-side skew strengthening; history confirmed; earnings in 10d,False
2026-10-10,BA,Industrials,2026-11-20,41.0,190.3699951171875,-0.0704590220680978,-0.1003778039112017,0.5555537354881476,0.3568788673837506,0.3522211811950351,0.3592927637347141,-0.0070715825396789,-0.0198150778484592,-0.2838052173859891,0.2365479229039979,180.0,210.0,10580.0,11180.0,419.0,710.0,0.0828402366863906,0.0666666666666667,77.1,HIGH,True,17.0,CONTRARIAN BID,yfinance,yfinance-validated-mid,0.0220879550376317,,62.5,28.4,17,WATCH,75.0,price/options divergence; high quote quality; history mature but skew not yet strengthening,False
2026-10-10,DE,Industrials,2026-11-20,41.0,620.9299926757812,-0.0819074072051914,-0.1118261890482953,1.5155333478166413,0.3170067693741997,0.3275271343460361,0.3043018973106814,0.0232252370353547,0.0732641674535956,-0.2366824767407186,0.1738343328285354,580.0,690.0,45.0,35.0,48.0,156.0,0.3,0.3362831858407079,4.1,LOW,False,46.0,FEAR,yfinance,yfinance-validated-mid,0.3791986085679108,,,1.7,10,DON'T ADD,0.0,price weakness and puts agree; bullish skew fading,False
2026-10-10,UPS,Industrials,2026-11-20,41.0,94.56999969482422,-0.0540162194652509,-0.0839350013083548,0.6860693861256607,0.3560928579765188,0.3833378242178787,0.3116703761083495,0.0716674481095292,0.2012605602841241,-0.3139336547956268,0.1823858935072697,90.0,105.0,7230.0,4098.0,49.0,124.0,0.0681818181818182,0.2032085561497326,48.1,MEDIUM,True,17.0,FEAR,yfinance,yfinance-validated-mid,0.0173905940364646,,90.9090909090909,14.8,12,DON'T ADD,3.0,price weakness and puts agree; medium quote quality; history mature but skew not yet strengthening,False
2026-10-10,LMT,Industrials,2026-11-20,41.0,509.5899963378906,-0.0387270787149964,-0.0686458605581004,0.6952199314790684,0.2980366062078035,0.2965111290891611,0.2916838487235569,0.0048272803656042,0.0161969377756183,-0.2429468610503813,0.2464295476375823,480.0,550.0,156.0,131.0,6.0,12.0,0.2483660130718953,0.1294964028776979,30.0,LOW,True,12.0,FEAR,yfinance,yfinance-validated-mid,-0.0014183856519469,,40.0,7.6,11,DON'T ADD,0.0,price weakness and puts agree; history mature but skew not yet strengthening,False
2026-10-10,ETN,Industrials,2026-11-20,41.0,429.6499938964844,0.0501038746323103,0.0201850927892064,0.7713545467642551,0.4073752747894854,0.4220530330631645,0.3866934905569163,0.0353595425062481,0.0867984502115905,-0.2715925409571231,0.2765488330129717,400.0,470.0,110.0,201.0,57.0,36.0,0.146788990825688,0.3146067415730337,23.3,LOW,True,24.0,HEDGED RALLY,yfinance,yfinance-validated-mid,0.129147155283092,,100.0,0.0,13,HOLD / WATCH,0.0,rally carries downside hedging; bullish skew fading,False
2026-10-10,EMR,Industrials,2026-11-20,41.0,161.8300018310547,0.0907191963121387,0.0608004144690348,0.9995385000469322,0.3635291984333885,0.3561446016227069,0.3168945329247569,0.03925006869795,0.1079695079985219,-0.323266318881188,0.1823383230317059,155.0,180.0,105.0,252.0,35.0,5.0,0.1149425287356322,0.1538461538461538,19.2,LOW,True,25.0,HEDGED RALLY,yfinance,yfinance-validated-mid,,,,0.0,4,HOLD / WATCH,8.0,rally carries downside hedging; history building (4/5 observations),False
2026-10-10,MMM,Industrials,2026-11-20,41.0,159.9600067138672,-0.0178066676017195,-0.0477254494448234,0.7798441100763013,0.3132294034345136,0.3297259567188224,0.2991887227025296,0.0305372340162927,0.0974915945995381,-0.2489932707071729,0.2115035013745363,150.0,175.0,512.0,10364.0,34.0,2602.0,0.1981981981981981,0.0817438692098092,55.7,MEDIUM,True,10.0,FEAR,yfinance,yfinance-validated-mid,0.0112948448577525,,58.333333333333336,9.7,13,EVENT RISK,0.0,price weakness and puts agree; medium quote quality; history mature but skew not yet strengthening; earnings in 10d,False
2026-10-10,UNP,Industrials,2026-11-20,41.0,278.3399963378906,-0.0260340208313599,-0.0559528026744639,0.5433905096030219,0.2524333688435474,0.2704878474810243,0.2538017454723975,0.0166861020086267,0.0661010154286235,-0.2621757478712478,0.2782503325069635,265.0,295.0,292.0,186.0,4.0,205.0,0.1904761904761904,0.2564102564102565,29.7,LOW,True,12.0,FEAR,yfinance,yfinance-validated-mid,0.0224565316430037,,,6.1,8,DON'T ADD,0.0,price weakness and puts agree; history mature but skew not yet strengthening,False
2026-10-10,WM,Industrials,2026-11-20,41.0,208.8300018310547,-0.0233602019804848,-0.0532789838235887,0.71695337881562,0.2335947139898677,0.2481474685091563,0.2267926070626124,0.0213548614465439,0.0914184275910892,-0.1789178291231162,0.2781301807970947,195.0,220.0,559.0,394.0,81.0,35.0,0.1142857142857144,0.1714285714285714,42.7,LOW,True,17.0,FEAR,yfinance,yfinance-validated-mid,0.0730168243595933,,52.94117647058824,8.3,18,DON'T ADD,0.0,price weakness and puts agree; bullish skew fading,False
2026-10-10,MP,Basic Materials,2026-11-20,41.0,46.13999938964844,-0.1009353144189164,-0.1308540962620203,0.7926527116939849,0.572732447267574,0.5574428541636463,0.615780233964853,-0.0583373798012067,-0.1018579968352172,-0.1889422031884224,0.2338749006922476,40.0,55.0,903.0,1176.0,101.0,77.0,0.2448979591836735,0.1355932203389829,49.7,MEDIUM,True,26.0,CONTRARIAN BID,yfinance,yfinance-validated-mid,-0.0364062473072371,0.0056877189717585,19.047619047619047,27.1,22,ADD CANDIDATE,88.2,price/options divergence; medium quote quality; call-side skew strengthening; history confirmed,True
2026-10-10,DIS,Communication Services,2026-11-20,41.0,108.0500030517578,0.0210735528573495,-0.0088452289857543,0.7892544991403269,0.2991238403476882,0.3108987317700584,0.3038212098464779,0.0070775219235804,0.023660841995589,-0.2009429400458533,0.3025237651489449,100.0,115.0,4771.0,8964.0,134.0,216.0,0.1052631578947367,0.0398009950248755,68.4,MEDIUM,True,33.0,HEDGED RALLY,yfinance,yfinance-validated-mid,0.0143960343837197,,50.0,2.2,11,HOLD / WATCH,23.0,rally carries downside hedging; medium quote quality; history mature but skew not yet strengthening,False
2026-10-10,CMCSA,Communication Services,2026-11-20,41.0,20.65999984741211,-0.166422714374808,-0.1963414962179119,0.9936488147206736,0.4063300250314551,0.3973540533431025,0.3855159821264207,0.0118380712166817,0.0291341286329145,-0.2329164095482053,0.2323810755049201,19.0,23.0,3490.0,5664.0,612.0,82.0,0.0999999999999999,0.0588235294117646,78.1,HIGH,True,12.0,FEAR,yfinance,yfinance-validated-mid,-0.1316535244784508,,,61.5,7,DON'T ADD,28.0,price weakness and puts agree; high quote quality; call-side skew strengthening; history confirmed,False
2026-10-10,T,Communication Services,2026-11-20,41.0,22.18000030517578,-0.1220847692264601,-0.1520035510695641,3.941627493309136,0.3160212474812506,0.3297678383808235,0.304752533404906,0.0250153049759174,0.0791570350895523,-0.2774113516914077,0.2491869200294424,21.0,24.0,1149.0,3573.0,1892.0,5862.0,0.0674157303370787,0.0625,81.3,HIGH,True,11.0,FEAR,yfinance,yfinance-validated-mid,0.0158969535295056,,18.181818181818183,44.7,12,DON'T ADD,13.0,price weakness and puts agree; high quote quality; history mature but skew not yet strengthening,False
2026-10-10,VZ,Communication Services,2026-11-20,41.0,41.650001525878906,-0.1535706397654498,-0.1834894216085537,4.314222345753944,0.2960574712334334,0.3062103026122867,0.2864081599392305,0.0198021426730562,0.0668861440670848,-0.2309690152170317,0.2385061897843581,39.0,45.0,145.0,1117.0,294.0,6129.0,0.115702479338843,0.0560747663551402,43.0,LOW,True,16.0,FEAR,yfinance,yfinance-validated-mid,-0.2757746161694728,,0.0,43.0,14,DON'T ADD,3.0,price weakness and puts agree; call-side skew strengthening; history confirmed,False
2026-10-10,TMUS,Communication Services,2026-11-20,41.0,148.5800018310547,-0.1613231047655895,-0.1912418866086934,3.672719778066559,0.4080643667126275,0.4215779574427684,0.3935421305472315,0.0280358268955369,0.0687044230825494,-0.2174566767403964,0.2436191278710117,135.0,165.0,100.0,347.0,206.0,198.0,0.2142857142857143,0.1132075471698112,20.9,LOW,True,18.0,FEAR,yfinance,yfinance-validated-mid,-0.5160315621251435,,72.72727272727273,20.9,12,DON'T ADD,3.0,price weakness and puts agree; call-side skew strengthening; history confirmed,False
2026-10-10,SPOT,Communication Services,2026-11-20,41.0,529.1400146484375,0.0142028145920038,-0.0157159672511,0.8952997610047968,0.5015887397168568,0.5125513088558993,0.4953936440314013,0.0171576648244979,0.0342066387578464,-0.3293194693584422,0.2588624959478364,500.0,600.0,504.0,119.0,5.0,71.0,0.1709006928406466,0.0869565217391304,16.0,LOW,True,12.0,HEDGED RALLY,yfinance,yfinance-validated-mid,0.0440823854904728,,75.0,0.9,13,HOLD / WATCH,0.0,rally carries downside hedging; bullish skew fading,False
2026-10-10,PINS,Communication Services,2026-11-20,41.0,21.399999618530277,0.1395100551699049,0.1095912733268009,0.9022794759705982,0.6078685550071983,0.6066045230284643,0.5821223465839451,0.0244821764445192,0.0402754448191999,-0.2392117457224252,0.2494045064623418,19.0,25.0,1418.0,1223.0,35.0,171.0,0.2058823529411765,0.2300884955752212,62.3,MEDIUM,True,30.0,HEDGED RALLY,yfinance,yfinance-validated-mid,-0.0592397285821841,,,6.6,7,HOLD / WATCH,38.0,rally carries downside hedging; medium quote quality; call-side skew strengthening; history confirmed,False
2026-10-10,NEE,Utilities,2026-11-20,41.0,77.37999725341797,-0.0613780329711253,-0.0912968148142292,0.5044125518686436,0.2462576539443312,0.267704260566718,0.2357354461454499,0.031968814421268,0.1298185616130934,-0.2058298564157523,0.2374411146388118,72.5,82.5,531.0,1439.0,132.0,92.0,0.119047619047619,0.073170731707317,68.1,MEDIUM,True,11.0,FEAR,yfinance,yfinance-validated-mid,0.0352517470157965,,83.33333333333334,22.8,13,DON'T ADD,0.0,price weakness and puts agree; medium quote quality; bullish skew fading,False
2026-10-10,SO,Utilities,2026-11-20,41.0,86.16999816894531,-0.018005718872418,-0.047924500715522,0.4734273724871574,0.2029596706202846,0.2350313459347424,0.1822654537453602,0.0527658921893822,0.2599821532431507,-0.258183662017712,0.2716608109604181,82.5,90.0,555.0,1006.0,5.0,10.0,0.1818181818181817,0.1176470588235293,62.8,MEDIUM,True,26.0,FEAR,yfinance,yfinance-validated-mid,,,,11.0,5,DON'T ADD,0.0,price weakness and puts agree; medium quote quality; history count met but 5-observation change unavailable,False
2026-10-10,APD,Basic Materials,2026-11-20,41.0,281.260009765625,-0.0359213224312077,-0.0658401042743116,0.5884568153909128,0.2906932051163952,0.295655471888193,0.2768988076192378,0.0187566642689551,0.0645239171016911,-0.3060017499224274,0.2741773375711277,270.0,300.0,162.0,61.0,3.0,1.0,0.1913043478260869,0.1428571428571428,13.0,LOW,True,26.0,FEAR,yfinance,yfinance-validated-mid,,,,3.1,4,DON'T ADD,0.0,price weakness and puts agree; history building (4/5 observations),False
2026-10-10,SHW,Basic Materials,2026-11-20,41.0,319.3599853515625,0.0060483332138034,-0.0238704486293004,0.5031664540544534,0.3341613736692019,0.3314485150700585,0.3055895047528379,0.0258590103172206,0.0773847977499019,-0.2549661388630988,0.2120242771730286,300.0,350.0,79.0,99.0,2.0,2.0,0.1217391304347824,0.1866666666666666,19.9,LOW,True,17.0,HEDGED RALLY,yfinance,yfinance-validated-mid,0.0124857688569083,,62.5,1.7,17,HOLD / WATCH,8.0,rally carries downside hedging; history mature but skew not yet strengthening,False
2026-10-10,FCX,Basic Materials,2026-11-20,41.0,73.69000244140625,0.0348266168911433,0.0049078350480393,0.6355465938357471,0.4538385803320804,0.4710110839770925,0.4524267709809675,0.018584312996125,0.0409491695979805,-0.1834578358544566,0.2613080459134401,65.0,82.5,5209.0,1506.0,173.0,48.0,0.0876494023904383,0.1097560975609755,64.2,MEDIUM,True,17.0,HEDGED RALLY,yfinance,yfinance-validated-mid,0.0281253205707274,,80.0,0.0,16,HOLD / WATCH,23.0,rally carries downside hedging; medium quote quality; history mature but skew not yet strengthening,False
2026-10-10,NEM,Basic Materials,2026-11-20,41.0,117.83999633789062,-0.065799929379411,-0.0957187112225149,0.7892344151690639,0.3976850553977029,0.4008648926465685,0.4076109103528057,-0.0067460177062371,-0.0169632165319635,-0.2699183087766889,0.2683954204832949,110.0,130.0,1120.0,1380.0,14.0,18.0,0.0819964349376114,0.101419878296146,77.3,HIGH,True,12.0,CONTRARIAN BID,yfinance,yfinance-validated-mid,-0.0115826933644037,,50.0,28.7,13,ADD CANDIDATE,89.6,price/options divergence; high quote quality; call-side skew strengthening; history confirmed,False
2026-10-10,NUE,Basic Materials,2026-11-20,41.0,250.3300018310547,-0.0177530533360962,-0.0476718351792001,0.7950186031268676,0.3984332200365432,0.4114468008852242,0.3951032680331609,0.0163435328520632,0.0410195034705295,-0.237070383048032,0.3187908721273722,230.0,270.0,98.0,3049.0,23.0,14.0,0.0970873786407767,0.1249999999999999,24.7,LOW,True,16.0,FEAR,yfinance,yfinance-validated-mid,0.0359098836928601,-0.024637577147545,50.0,4.3,23,DON'T ADD,0.0,price weakness and puts agree; bullish skew fading,False
2026-10-10,STLD,Basic Materials,2026-11-20,41.0,238.3800048828125,0.0078906901958786,-0.0220280916472253,0.6097598193304239,0.4218004409578049,0.4179982825773813,0.4078831907784788,0.0101150917989025,0.0239807520730269,-0.249880288794543,0.2967252367375842,220.0,260.0,526.0,134.0,7.0,24.0,0.0560747663551401,0.175438596491228,24.7,LOW,True,9.0,HEDGED RALLY,yfinance,yfinance-validated-mid,,,,2.0,4,EVENT RISK,0.0,rally carries downside hedging; history building (4/5 observations); earnings in 9d,False
2026-10-10,AMT,Real Estate,2026-11-20,41.0,182.2400054931641,0.0649228308001999,0.0350040489570959,2.987353233813385,0.3159208758289784,0.3127050846710303,0.3174142390274738,-0.0047091543564434,-0.0149061195911367,-0.2240274919651426,0.2180764430719829,170.0,200.0,493.0,619.0,57.0,413.0,0.1923076923076923,0.3478260869565219,56.4,MEDIUM,True,17.0,CHASE,yfinance,yfinance-validated-mid,-0.22956024942257,,11.11111111111111,23.3,19,HOLD / WATCH,48.0,momentum and calls agree; medium quote quality; call-side skew strengthening; history confirmed,False
2026-10-10,O,Real Estate,2026-11-20,41.0,54.18000030517578,-0.0859730172437703,-0.1158917990868743,0.5192961103504234,0.1844367933408793,0.1974723210037459,0.1684082316265333,0.0290640893772126,0.1575829250267644,-0.2820007764551993,0.1721098222172973,52.5,57.5,2172.0,3473.0,391.0,234.0,0.1538461538461538,0.1818181818181817,48.7,MEDIUM,True,23.0,FEAR,yfinance,yfinance-validated-mid,-0.6095498186805689,,,42.6,9,DON'T ADD,18.0,price weakness and puts agree; medium quote quality; call-side skew strengthening; history confirmed,False
2026-10-10,ASML,Technology,2026-11-20,41.0,1780.3399658203125,0.0550600079126544,0.0251412260695504,0.8396110599592645,0.4276323702691125,0.4235321507174855,0.4204255826520487,0.0031065680654367,0.0072645764947162,-0.2479160922259768,0.2572004258279607,1640.0,1980.0,66.0,96.0,14.0,13.0,0.0598503740648378,0.1186206896551723,38.4,LOW,True,4.0,HEDGED RALLY,yfinance,yfinance-validated-mid,0.0593765710656172,,78.57142857142857,0.0,15,EVENT RISK,0.0,rally carries downside hedging; bullish skew fading; earnings in 4d,True
2026-10-10,TSM,Technology,2026-11-20,41.0,453.30999755859375,0.0619024187668415,0.0319836369237376,0.9133753332917492,0.3268696987052855,0.332274454967799,0.3275101745298752,0.0047642804379238,0.0145754729079963,-0.2172936665618721,0.2698636785140069,420.0,490.0,4256.0,2372.0,213.0,203.0,0.0377358490566037,0.0578778135048231,81.7,HIGH,True,5.0,HEDGED RALLY,yfinance,yfinance-validated-mid,0.0140331584033053,-0.0341078418204937,60.0,0.0,21,EVENT RISK,3.0,rally carries downside hedging; high quote quality; history mature but skew not yet strengthening; earnings in 5d,False
2026-10-10,BABA,Consumer Cyclical,2026-11-20,41.0,111.37000274658205,0.0258843519821527,-0.0040344298609511,1.4557612713079966,0.40350558934636,0.4026577624694329,0.4216913300093661,-0.0190335675399332,-0.0471705176891496,-0.2955638591637486,0.2374730607504556,105.0,125.0,6501.0,11243.0,282.0,1328.0,0.0563847429519071,0.0487804878048781,78.7,HIGH,False,45.0,CHASE,yfinance,yfinance-validated-mid,0.0018750262757818,,88.23529411764706,1.2,18,HOLD / WATCH,45.4,momentum and calls agree; high quote quality; history mature but skew not yet strengthening,False
2026-10-10,JD,Consumer Cyclical,2026-11-20,41.0,27.09000015258789,0.002590662236799,-0.0273281196063048,1.4857615626698495,0.3576835570348132,0.3491813417596529,0.3665441516074129,-0.01736280984776,-0.0485423763722806,-0.3271385604439508,0.3239816340924007,26.0,29.0,1732.0,386.0,14.0,16.0,0.2068965517241379,0.2424242424242425,35.5,LOW,True,33.0,CHASE,yfinance,yfinance-validated-mid,-0.0217797215543835,,,4.9,6,HOLD / WATCH,35.4,momentum and calls agree; call-side skew strengthening; history confirmed,False
2026-10-10,PDD,Consumer Cyclical,2026-11-20,41.0,81.3499984741211,0.0450925269959434,0.0151737451528395,1.2177282016348774,0.3687901400960462,0.3761979082625201,0.3634536273618926,0.0127442809006275,0.0345570000795261,-0.2286599663067756,0.2321615094711516,75.0,90.0,8020.0,6308.0,115.0,1328.0,0.1379310344827585,0.1027667984189724,70.5,HIGH,True,39.0,HEDGED RALLY,yfinance,yfinance-validated-mid,0.1156774694525352,,,0.0,8,HOLD / WATCH,21.0,rally carries downside hedging; high quote quality; bullish skew fading,False
2026-10-10,MELI,Consumer Cyclical,2026-11-20,41.0,1889.8499755859373,-0.0085980856200704,-0.0385168674631744,0.4630189875241305,0.4232880074364643,0.4337068709826394,0.4187489158526978,0.0149579551299415,0.0353375358317627,-0.2635303660564868,0.2806491203854057,1750.0,2080.0,26.0,77.0,3.0,2.0,0.3417721518987342,0.2604651162790698,14.7,LOW,True,25.0,FEAR,yfinance,yfinance-validated-mid,-0.0966751008696302,,,4.6,10,DON'T ADD,3.0,price weakness and puts agree; call-side skew strengthening; history confirmed,False
2026-10-10,SE,Consumer Cyclical,2026-11-20,41.0,95.25,-0.1155167811252935,-0.1454355629683974,1.9406733832420504,0.579699312792501,0.575532327376983,0.5789629901475146,-0.0034306627705316,-0.0059180038596312,-0.2388568587016377,0.2670357886531825,85.0,110.0,594.0,4542.0,49.0,44.0,0.1403508771929824,0.0475319926873857,71.2,HIGH,True,31.0,CONTRARIAN BID,yfinance,yfinance-validated-mid,-0.0027292360486086,,27.27272727272727,38.3,12,WATCH,79.5,price/options divergence; high quote quality; history mature but skew not yet strengthening,False
2026-10-10,BIDU,Communication Services,2026-11-20,41.0,85.33000183105469,-0.0580637456614606,-0.0879825275045645,0.9440504403032716,0.4375563401595821,0.4243129192089017,0.4402190197860434,-0.0159061005771417,-0.0363521199837729,-0.2890201240230452,0.2665197960773034,80.0,95.0,1281.0,2423.0,41.0,65.0,0.1350210970464134,0.1157894736842104,66.6,MEDIUM,True,39.0,CONTRARIAN BID,yfinance,yfinance-validated-mid,0.4381918475382533,,90.0,21.5,11,WATCH,53.6,price/options divergence; medium quote quality; bullish skew fading,False
2026-10-10,SPY,Unknown,2026-11-20,41.0,778.5700073242188,0.0299187818431039,0.0,0.4918120203545948,0.130066733069516,0.1516269593459958,0.1122094092865389,0.0394175500594569,0.3030563552202829,-0.2524858455313169,0.2268083152729846,757.0,805.0,953.0,7658.0,78.0,1164.0,0.0048899755501222,0.0079470198675497,92.8,HIGH,False,,HEDGED RALLY,yfinance,yfinance-validated-mid,0.0213647061346071,0.1500708595647315,40.0,0.0,36,HOLD / WATCH,33.0,rally carries downside hedging; high quote quality; history mature but skew not yet strengthening,False
2026-10-10,QQQ,Unknown,2026-11-20,41.0,751.27001953125,0.0611872947630121,0.0312685129199081,0.6163159148660027,0.1893852731592766,0.2178204667575099,0.1654222665494636,0.0523982002080462,0.2766751571225834,-0.2481247621835471,0.2471804291752454,720.0,785.0,42119.0,7158.0,11355.0,1212.0,0.0083283759666865,0.0151133501259445,96.7,HIGH,False,,HEDGED RALLY,yfinance,yfinance-validated-mid,0.0499135902445475,0.202193299687299,51.42857142857142,0.0,36,HOLD / WATCH,21.0,rally carries downside hedging; high quote quality; bullish skew fading,False
2026-10-10,IWM,Unknown,2026-11-20,41.0,278.94000244140625,-0.0279161645110667,-0.0578349463541706,0.7278661656399822,0.1900422875395495,0.2091354254270601,0.1746142401467697,0.0345211852802903,0.1816500197257738,-0.2514414547812766,0.2495742427705201,268.0,292.0,33423.0,2133.0,208.0,525.0,0.0164203612479473,0.0169491525423729,96.7,HIGH,False,,FEAR,yfinance,yfinance-validated-mid,-0.0151108968027061,-0.0086931550007469,17.142857142857142,23.1,36,DON'T ADD,28.0,price weakness and puts agree; high quote quality; call-side skew strengthening; history confirmed,False
2026-10-10,DIA,Unknown,2026-11-20,41.0,516.1099853515625,-0.0066259039221611,-0.036544685765265,0.7930055115498106,0.1381938227237097,0.1567653218555898,0.128904593322489,0.0278607285331007,0.2016061788000653,-0.237194950031917,0.2399563570421655,500.0,535.0,2543.0,881.0,115.0,29.0,0.0903225806451612,0.1069692058346839,78.1,HIGH,False,,FEAR,yfinance,yfinance-validated-mid,-0.0257362095977599,,50.0,14.1,15,DON'T ADD,28.0,price weakness and puts agree; high quote quality; call-side skew strengthening; history confirmed,False
2026-10-10,XLK,Unknown,2026-11-20,41.0,198.77999877929688,0.074462640673635,0.0445438588305311,0.7422270279500807,0.2438924431673364,0.2683037935570641,0.2227054836795126,0.0455983098775513,0.186960732712272,-0.2373120865210953,0.2616965896793266,188.0,210.0,890.0,1805.0,121.0,26.0,0.1036468330134356,0.1898454746136866,63.6,MEDIUM,False,,HEDGED RALLY,yfinance,yfinance-validated-mid,0.01958551795102,,71.42857142857143,0.0,15,HOLD / WATCH,23.0,rally carries downside hedging; medium quote quality; history mature but skew not yet strengthening,False
2026-10-10,XLF,Unknown,2026-11-20,41.0,54.72999954223633,-0.0342237007265902,-0.0641424825696941,0.911490136795238,0.171139891316245,0.1882089865363121,0.1648591526475578,0.0233498338887543,0.136437120002646,-0.2702778879787177,0.2654731367961295,53.0,57.0,131007.0,12245.0,594.0,1822.0,0.2033898305084745,0.1894736842105263,59.9,MEDIUM,False,,FEAR,yfinance,yfinance-validated-mid,0.0051656110843608,,,14.1,10,DON'T ADD,3.0,price weakness and puts agree; medium quote quality; history mature but skew not yet strengthening,False
2026-10-10,XLV,Unknown,2026-11-20,41.0,170.80999755859375,0.0350338806997714,0.0051150988566674,0.859774770897846,0.1788618934201108,0.1865877977549446,0.1769693930392288,0.0096184047157158,0.0537755948558822,-0.2557507275089369,0.2182444048586067,165.0,180.0,4744.0,1389.0,372.0,69.0,0.0412979351032448,0.2113821138211382,57.1,MEDIUM,False,,HEDGED RALLY,yfinance,yfinance-validated-mid,,,,0.0,2,HOLD / WATCH,23.0,rally carries downside hedging; medium quote quality; history building (2/5 observations),False
2026-10-10,XLP,Unknown,2026-11-20,41.0,83.43000030517578,0.0106956680709682,-0.0192231137721357,0.7016465314958628,0.1503876787490293,0.1598162587762575,0.1467657834364978,0.0130504753397596,0.0867788867300666,-0.1855436473732576,0.3082386976059855,80.0,86.0,671.0,250.0,67.0,21.0,0.2795698924731182,0.2025316455696202,26.4,LOW,False,,HEDGED RALLY,yfinance,yfinance-validated-mid,,,,1.9,2,HOLD / WATCH,8.0,rally carries downside hedging; history building (2/5 observations),False
2026-10-10,XLU,Unknown,2026-11-20,41.0,41.40999984741211,-0.0189444142039545,-0.0488631960470584,0.4935133550041857,0.1832478770006468,0.1842236956623948,0.1728937837373144,0.0113299119250804,0.0618283393539146,-0.2531142653896403,0.2933218991933937,40.0,43.0,9977.0,22786.0,6460.0,386.0,0.3499999999999998,0.0930232558139535,54.2,MEDIUM,False,,FEAR,yfinance,yfinance-validated-mid,-0.1106140789086925,,,20.5,6,DON'T ADD,18.0,price weakness and puts agree; medium quote quality; call-side skew strengthening; history confirmed,False
2026-10-10,SMH,Unknown,2026-11-20,41.0,603.3300170898438,0.0768365559040082,0.0469177740609043,0.8568021781262987,0.3310848806880784,0.3612361672699795,0.3197680089461585,0.041468158323821,0.1252493265099863,-0.2378545518371426,0.2510431781951074,560.0,655.0,5856.0,507.0,228.0,110.0,0.0368663594470046,0.1956521739130433,62.7,MEDIUM,False,,HEDGED RALLY,yfinance,yfinance-validated-mid,0.049881924824453,,77.77777777777779,0.0,19,HOLD / WATCH,11.0,rally carries downside hedging; medium quote quality; bullish skew fading,False
2026-10-10,SOXX,Unknown,2026-11-20,41.0,559.4000244140625,0.0818193128120119,0.051900530968908,0.7599853636704528,0.3704022667200156,0.4071652495131351,0.357756005938153,0.0494092435749821,0.1333934697876193,-0.2397318330492165,0.2442002738805851,515.0,615.0,3606.0,2468.0,1.0,1089.0,0.3203463203463204,0.1420765027322405,62.4,MEDIUM,False,,HEDGED RALLY,yfinance,yfinance-validated-mid,0.0555424490443886,,100.0,0.0,14,HOLD / WATCH,11.0,rally carries downside hedging; medium quote quality; bullish skew fading,False
2026-10-10,ARKK,Unknown,2026-11-20,41.0,89.62000274658203,0.0789791160704116,0.0490603342273077,1.1488109420378516,0.3486574643845924,0.358988045344922,0.3355490713015667,0.0234389740433553,0.0672263652370871,-0.2954946862253965,0.1898895891906952,85.0,100.0,3480.0,1366.0,56.0,49.0,0.0979020979020978,0.16,57.0,MEDIUM,False,,HEDGED RALLY,yfinance,yfinance-validated-mid,-0.2090672284035992,,27.27272727272727,21.5,12,HOLD / WATCH,38.0,rally carries downside hedging; medium quote quality; call-side skew strengthening; history confirmed,False
,SOUN,Portfolio,,,5.389999866485596,-0.14171979515744548,,0.6893716006320211,,,,,,,,,,,,,,,,,N/A,False,,PRICE ONLY,,,,,,,22,HOLD / WATCH,0.0,portfolio coverage available; reliable options skew unavailable,True
,BURU,Portfolio,,,0.9300000071525574,24.83333464408368,,0.7980965450867515,,,,,,,,,,,,,,,,,N/A,False,,PRICE ONLY,,,,,,,0,HOLD / WATCH,0.0,portfolio coverage available; reliable options skew unavailable,True
,CNX1.L,Portfolio,,,,,,0.7594967751428502,,,,,,,,,,,,,,,,,N/A,False,,PRICE ONLY,,,,,,,0,HOLD / WATCH,0.0,portfolio coverage available; reliable options skew unavailable,True
,CSPX.L,Portfolio,,,,,,1.243495566243779,,,,,,,,,,,,,,,,,N/A,False,,PRICE ONLY,,,,,,,0,HOLD / WATCH,0.0,portfolio coverage available; reliable options skew unavailable,True
,SSLN.L,Portfolio,,,,,,0.6728380431292025,,,,,,,,,,,,,,,,,N/A,False,,PRICE ONLY,,,,,,,0,HOLD / WATCH,0.0,portfolio coverage available; reliable options skew unavailable,True
