run_date,symbol,sector,expiry,dte,spot,return_1m,return_vs_spy_1m,volume_ratio,atm_iv,put_iv,call_iv,raw_skew,normalized_skew,put_delta,call_delta,put_strike,call_strike,put_oi,call_oi,put_volume,call_volume,put_spread_pct,call_spread_pct,quality_score,quality_label,catalyst_flag,days_to_earnings,quadrant,price_source,options_source,skew_change_5obs,skew_change_20obs,skew_percentile,divergence_score
2026-09-28,AAPL,Technology,2026-11-06,39,338.3999938964844,0.07572003414383377,0.08045222500767502,0.6928439587985931,0.2549467952561015,0.2709745655477895,0.24602196616385089,0.024952599383938595,0.09787375188957752,-0.23461732427471027,0.19833789610513652,320.0,365.0,42,80,92,46,0.04651162790697678,0.06563039723661498,34.4,LOW,True,31.0,HEDGED RALLY,yfinance,yfinance-validated-mid,-0.005333624980616389,0.029850572900642913,81.48148148148148,0.3
2026-09-28,MSFT,Technology,2026-11-06,39,509.2200012207031,0.008236652441726555,0.012968843305567801,0.8383407348588124,0.3355233995886487,0.3440529636997859,0.3316277193289317,0.012425244370854183,0.037032422734412915,-0.23798636919460525,0.2417988600783998,475.0,555.0,55,29,43,4,0.06489675516224197,0.08695652173913036,39.4,LOW,True,30.0,HEDGED RALLY,yfinance,yfinance-validated-mid,-0.008418725362554086,-0.03469204072948609,40.0,0.6
2026-09-28,NVDA,Technology,2026-11-06,39,228.86000061035156,0.0049833166903385795,0.009715507554179825,1.1672439487184878,0.32043774813575704,0.33928836947493723,0.3067606579231611,0.03252771155177614,0.10151023635952969,-0.2554998313484844,0.21525005641978573,215.0,250.0,151,540,532,1163,0.03636363636363645,0.040968342644320414,52.7,MEDIUM,False,50.0,HEDGED RALLY,yfinance,yfinance-validated-mid,0.029753414111902382,0.010523276402039983,96.29629629629629,0.0
2026-09-28,META,Communication Services,2026-11-06,39,715.6199951171875,0.25404451114778803,0.2587767020116293,1.1288562318629458,0.44175670420911783,0.44104393059035335,0.4672602639405134,-0.026216333350160048,-0.05934563776931344,-0.22099163223743434,0.26584929904462734,650.0,800.0,232,206,73,221,0.08170515097690945,0.0487804878048781,52.0,MEDIUM,True,30.0,CHASE,yfinance,yfinance-validated-mid,-0.03633069481692384,0.006011772044392766,16.0,3.4
2026-09-28,AMZN,Consumer Cyclical,2026-11-06,39,246.14999389648438,-0.03945217936418266,-0.034719988500341414,0.8508899129990474,0.38880195224766795,0.3894665598616995,0.39209355043725996,-0.002626990575560484,-0.006756629076510098,-0.2642565491675082,0.26626908434481333,230.0,270.0,121,49,143,91,0.06511627906976737,0.08333333333333341,40.8,LOW,True,31.0,CONTRARIAN BID,yfinance,yfinance-validated-mid,-0.020081150399424597,-0.048925727287629596,11.538461538461538,6.7
2026-09-28,GOOGL,Communication Services,2026-11-06,39,342.75,0.006811412277753837,0.011543603141595082,0.6625701704421386,0.3594931167671567,0.3552496592587791,0.35174028342181823,0.0035093758369608707,0.009762011213232464,-0.24625882927906595,0.284098476701132,320.0,370.0,41,27,114,18,0.1052631578947369,0.14448669201520917,23.6,LOW,True,30.0,HEDGED RALLY,yfinance,yfinance-validated-mid,-0.023947111945939733,-0.004744680103576536,84.0,1.0
2026-09-28,AVGO,Technology,2026-11-06,39,349.57000732421875,-0.05741899563990738,-0.05268680477606613,0.6766712689589075,0.3623626348150345,0.3653236354748362,0.3659102298653753,-0.0005865943905390969,-0.0016188048495632556,-0.24015955343281803,0.31151336088689374,325.0,375.0,230,34,64,14,0.0398406374501992,0.044444444444444516,34.9,LOW,False,72.0,CONTRARIAN BID,yfinance,yfinance-validated-mid,0.03474382098059905,0.015309054391513142,84.61538461538461,6.7
2026-09-28,TSLA,Consumer Cyclical,2026-11-06,39,357.45001220703125,0.007440643348843423,0.012172834212684669,0.9406238090093139,0.4354935146106261,0.4419052235782271,0.45924428571865283,-0.017339062140425743,-0.039814742490318286,-0.2562440684941638,0.2592432777635766,330.0,400.0,691,104,383,207,0.0524781341107873,0.02564102564102566,52.9,MEDIUM,True,23.0,CHASE,yfinance,yfinance-validated-mid,-0.021015877559398287,-0.015474933300088485,14.814814814814813,2.0
2026-09-28,AMD,Technology,2026-11-06,39,607.8699951171875,0.2752427843026961,0.27997497516653735,0.9680115179159361,0.5782536754473394,0.5872770197116591,0.5899031513809196,-0.002626131669260512,-0.004541487206681264,-0.2460527791350563,0.25778817915554003,545.0,705.0,34,142,63,18,0.045152722443559175,0.04524886877828054,48.2,MEDIUM,True,36.0,CHASE,yfinance,yfinance-validated-mid,0.029229355890093733,-0.010545449353845864,73.07692307692307,0.0
2026-09-28,MU,Technology,2026-11-06,39,1053.97998046875,0.12678130401561316,0.1315134948794544,0.8055665458489888,0.6107274746091007,0.5959543484377285,0.642099639450934,-0.046145291013205414,-0.07555790910297747,-0.2746618492671,0.1909970210294734,960.0,1300.0,30,39,11,15,0.05194805194805195,0.09681227863046049,26.0,LOW,True,2.0,CHASE,yfinance,yfinance-validated-mid,-0.020678790945654266,-0.06331569221258247,7.6923076923076925,1.0
2026-09-28,PLTR,Technology,2026-11-06,39,187.47999572753906,0.00833648745665605,0.013068678320497296,0.5722739360188764,0.6026828867016315,0.6080885659199525,0.6017300071539499,0.006358558766002664,0.01055042196535867,-0.24578445158236017,0.2441074688367869,167.5,220.0,59,56,5,58,0.05809128630705403,0.041237113402061897,48.4,MEDIUM,True,35.0,HEDGED RALLY,yfinance,yfinance-validated-mid,-0.03288211601546103,-0.042452687759198325,14.814814814814813,2.9
2026-09-28,NFLX,Communication Services,2026-11-06,39,69.2300033569336,-0.1328906997447058,-0.12815850888086455,1.2960065796979012,0.4248402360583081,0.4247837714365229,0.4295615332229429,-0.004777761786419976,-0.011246019988003777,-0.28969884307946037,0.2269884088474285,65.0,78.0,49,33,50,11,0.03191489361702119,0.04184100418410046,40.7,LOW,True,22.0,CONTRARIAN BID,yfinance,yfinance-validated-mid,0.007260188862966121,-0.005435012302176878,50.0,19.1
2026-09-28,ORCL,Technology,2026-11-06,39,132.61000061035156,-0.12722128156151014,-0.12248909069766889,0.8148580248144524,0.5396181465374745,0.5272542922635156,0.5416443401180701,-0.014390047854554444,-0.026667094031010516,-0.24486623302799704,0.2798439236592263,120.0,150.0,51,29,220,26,0.06896551724137931,0.06711409395973154,38.1,LOW,False,73.0,CONTRARIAN BID,yfinance,yfinance-validated-mid,-0.027740760155764616,-0.025122319039114615,30.76923076923077,19.0
2026-09-28,COST,Consumer Defensive,2026-11-06,39,922.9199829101562,-0.01256070717875879,-0.007828516314917544,0.8750492901359461,0.19729571940536578,0.2097705677725681,0.18997396392488575,0.019796603847682365,0.10033975347943593,-0.23932501231618108,0.2415483787754067,885.0,970.0,50,66,12,5,0.16802168021680225,0.1829652996845426,24.8,LOW,False,73.0,FEAR,yfinance,yfinance-validated-mid,0.08753794350162822,0.020648905139977122,95.0,0.7
2026-09-28,NVO,Healthcare,2026-11-06,39,38.71500015258789,-0.1630998366343055,-0.15836764577046425,0.7919672190263262,0.4341885272985785,0.4065226444195903,0.389582379791056,0.01694026462853432,0.03901591949914652,-0.1955125069957433,0.2938050951511866,35.0,42.0,33,210,4,18,0.2857142857142858,0.24561403508771926,9.3,LOW,True,37.0,FEAR,yfinance,yfinance-validated-mid,0.04905452234267092,,88.88888888888889,5.1
2026-09-28,NBIS,Communication Services,2026-11-06,39,231.8800048828125,0.06133288821546956,0.0660650790793108,0.8323785840232425,0.7897984115842482,0.7779298838191268,0.8711196543125878,-0.093189770493461,-0.11799184339524389,-0.26484453864021673,0.2274904597334647,205.0,300.0,52,56,30,5,0.16091954022988506,0.26885245901639354,19.1,LOW,False,43.0,CHASE,yfinance,yfinance-validated-mid,-0.0977321849461599,-0.091161736297512,4.3478260869565215,3.4
2026-09-28,SPY,Unknown,2026-11-06,39,765.5499877929688,-0.004732190863841246,0.0,0.8390440835266821,0.13811307085483576,0.17052032510957837,0.12176436909979794,0.04875595600978043,0.35301478497299904,-0.20181312273281726,0.25379759338084157,735.0,790.0,628,85,279,57,0.012121212121212222,0.015401540154015464,47.9,MEDIUM,False,,FEAR,yfinance,yfinance-validated-mid,0.08741658439234912,-0.07847011347244803,30.76923076923077,0.0
2026-09-28,QQQ,Unknown,2026-11-06,39,736.530029296875,0.022448037546363597,0.027180228410204843,1.1779715414597762,0.19753448298082657,0.22568624888820224,0.1776906997850103,0.04799554910319195,0.24297301604728214,-0.24575943891254926,0.2194866798007744,705.0,775.0,41,1061,131,70,0.010942249240121564,0.013371537726838472,48.7,MEDIUM,False,,HEDGED RALLY,yfinance,yfinance-validated-mid,0.026544450466939734,-0.08614812119342627,19.230769230769234,0.0
2026-09-28,IWM,Unknown,2026-11-06,39,280.04998779296875,-0.06346877537994788,-0.05873658451610664,1.04495982484948,0.1955034126243484,0.2164812548209296,0.18252719024359132,0.03395406457733827,0.17367504802885245,-0.2531291087956715,0.3143030731926161,269.0,290.0,47,61,11,38,0.028892455858748087,0.02739726027397256,38.1,LOW,False,,FEAR,yfinance,yfinance-validated-mid,-0.030229154096823946,-0.17919955889906033,3.8461538461538463,10.3
