run_date,symbol,sector,expiry,dte,spot,return_1m,return_vs_spy_1m,volume_ratio,atm_iv,put_iv,call_iv,raw_skew,normalized_skew,put_delta,call_delta,put_strike,call_strike,put_oi,call_oi,put_volume,call_volume,put_spread_pct,call_spread_pct,quality_score,quality_label,catalyst_flag,days_to_earnings,quadrant,skew_change_5obs,skew_change_20obs,skew_percentile,divergence_score
2026-08-24,AMZN,Consumer Cyclical,2026-10-02,39,258.6300048828125,0.1068646787184497,0.0695567344493077,0.7436844889942084,0.023447265625,0.12500875,0.12500875,0.0,0.0,-0.0002046906457603,0.0002272225568965,225.0,300.0,0,0,22,339,9.99,9.99,0.0,LOW,False,66.0,HEDGED RALLY,,,,0.0
2026-08-24,CRM,Technology,2026-10-02,39,209.1699981689453,0.332887325121415,0.2955793808522731,0.7474754779319855,0.01563484375,0.062509375,0.062509375,0.0,0.0,-0.0001298712335731,0.0004026329088422,195.0,225.0,0,0,1,7,9.99,9.99,0.0,LOW,True,2.0,HEDGED RALLY,,,,0.0
2026-08-24,ORCL,Technology,2026-10-02,39,146.47000122070312,0.2201766086604304,0.1828686643912884,0.6431194504375067,0.01563484375,0.0312596875,0.01563484375,0.0156248437499999,0.9993604029461436,-0.0002735335704895,0.0060005029797559,142.0,149.0,0,0,0,2,9.99,9.99,0.0,LOW,True,17.0,HEDGED RALLY,,,,0.0
2026-08-24,XOM,Energy,2026-10-02,39,165.11000061035156,0.0592078305416103,0.0218998862724684,1.0091674493800276,0.01563484375,0.0312596875,0.01563484375,0.0156248437499999,0.9993604029461436,-0.0002325517851037,0.0242365431328103,160.0,167.5,0,0,21,24,9.99,9.99,0.0,LOW,False,67.0,HEDGED RALLY,,,,0.0
2026-08-24,SPY,Unknown,2026-10-02,39,765.719970703125,0.0373079442691419,0.0,0.8397518938330397,0.01563484375,0.0312596875,0.01563484375,0.0156248437499999,0.9993604029461436,-8.258115973114322e-05,0.0057752727698043,740.0,779.0,0,0,711,147,9.99,9.99,0.0,LOW,False,,HEDGED RALLY,,,,0.0
2026-08-24,QQQ,Unknown,2026-10-02,39,713.4400024414062,0.031042227566145,-0.0062657167029969,0.8339952969794545,0.01563484375,0.0312596875,0.01563484375,0.0156248437499999,0.9993604029461436,-6.286205771577347e-05,0.0105496838143231,689.0,725.0,0,0,2,102,9.99,9.99,0.0,LOW,False,,HEDGED RALLY,,,,0.0
2026-08-24,PLTR,Technology,2026-10-02,39,173.31069946289062,0.40994713671152727,0.37698056938713,0.08911155007987505,0.015634843750000002,0.062509375,0.062509375,0.0,0.0,-0.0003737355120442265,0.0014651424874109554,162.5,185.0,60,100,16,90,9.99,9.99,5.4,LOW,False,70.0,HEDGED RALLY,,,,0.0
2026-08-24,JPM,Financial Services,2026-10-02,39,355.17999267578125,0.005577422123840714,-0.027389145200556575,0.0435006590350568,0.015634843750000002,0.062509375,0.062509375,0.0,0.0,-6.724550880787827e-05,9.721907054461677e-05,330.0,385.0,84,237,18,50,9.99,9.99,7.6,LOW,False,50.0,HEDGED RALLY,,,,0.8
2026-08-24,CVX,Energy,2026-10-02,39,204.69500732421875,0.06002064587581879,0.0270540785514215,0.03920743866094241,0.015634843750000002,0.062509375,0.062509375,0.0,0.0,-1.1675120092924374e-07,0.0004672421217469358,185.0,220.0,129,908,1,5,9.99,9.99,11.6,LOW,False,67.0,HEDGED RALLY,,,,0.0
