symbol,spot,return_1m,return_3m,return_6m,volume_ratio,sma50,sma200,above_50d,above_200d,golden_cross,golden_cross_recent,distance_from_52w_high,breakout,technical_score,sector,revenue_growth,earnings_growth,profit_margin,free_cashflow,debt_to_cash,institutional_ownership,analyst_recommendation,analyst_count,sector_5d,rs_percentile,trend_score,trend_reason,trend_state
CRWD,261.7250061035156,0.19837460356141823,0.3718321727584253,1.754565150605365,0.4305232668784467,215.01930023193358,151.41946250915527,True,True,True,False,-0.002914336391175665,False,59.4,Technology,0.258,,0.00834,1995385472.0,0.16358277415658856,0.76383,buy,50.0,-0.007688401960047275,96.31901840490798,71.0,RS proxy 96; near 52w high; revenue >20%; analyst consensus positive,STRONG TREND
PANW,385.3190002441406,0.036946645608204376,0.12990150917133714,1.4963977000799367,0.49986391323642454,357.9241796875,247.1802949523926,True,True,True,False,-0.02697222160570545,False,59.3,Technology,0.345,,0.02674,4240624896.0,0.8358840802681273,0.84440005,buy,50.0,-0.007688401960047275,95.0920245398773,71.0,RS proxy 95; near 52w high; revenue >20%; analyst consensus positive,STRONG TREND
FTNT,176.0,0.06024096385542177,0.14568419212447004,1.226438876729257,0.3471725620191843,162.17199981689453,117.1137998199463,True,True,True,False,-0.015329559186283315,False,58.0,Technology,0.256,0.439,0.28173,2265587456.0,0.13794967564379793,0.71510005,hold,36.0,-0.007688401960047275,93.25153374233128,70.0,RS proxy 93; near 52w high; revenue >20%; earnings >20%,STRONG TREND
MU,1071.5899658203125,0.14871468671310573,-0.0715030636237386,2.330499889975643,0.5605240385558726,949.8384008789062,669.024610748291,True,True,True,False,-0.116850629605466,False,61.2,Technology,3.457,13.685,0.55906,7639499776.0,0.24502343567692725,0.799,strong_buy,46.0,-0.007688401960047275,100.0,68.0,RS proxy 100; revenue >20%; earnings >20%; analyst consensus positive,TRENDING
DELL,542.4000244140625,0.1888480537083701,0.259204391545671,2.3097129977270283,0.36309694156007727,481.87400146484373,286.4130334854126,True,True,True,False,-0.0781781068853753,False,60.2,Technology,0.577,2.729,0.07525,6033375232.0,3.04961116321091,0.78024,buy,25.0,-0.007688401960047275,99.38650306748467,68.0,RS proxy 99; revenue >20%; earnings >20%; analyst consensus positive,TRENDING
AMD,608.5549926757812,0.3070901031552902,0.04758916322542106,2.104238999781828,0.5582914215966357,509.05490234375,368.6204755401611,True,True,True,False,-0.035004696947671166,False,60.8,Technology,0.501,1.595,0.15577,8841499648.0,0.32613835551271037,0.75404,strong_buy,50.0,-0.007688401960047275,98.77300613496932,68.0,RS proxy 99; revenue >20%; earnings >20%; analyst consensus positive,TRENDING
MRVL,263.1600036621094,0.21484631887164696,-0.11636870812263578,1.9991650172939588,0.6548270945001835,223.1983999633789,164.13198181152345,True,True,True,False,-0.16814169792444134,False,60.8,Technology,0.365,0.5,0.27934998,2408049920.0,1.344105972335232,0.81813,strong_buy,43.0,-0.007688401960047275,97.54601226993866,68.0,RS proxy 98; revenue >20%; earnings >20%; analyst consensus positive,TRENDING
HUM,388.67999267578125,0.00814437947104385,-0.02149944242152313,1.346969835175618,1.1640314203716025,386.3385986328125,290.73515167236326,True,True,True,False,-0.0515373249055765,False,61.7,Healthcare,0.262,0.271,0.00878,1940999936.0,0.6176532259323758,1.00896,buy,23.0,0.0037376803173656548,94.47852760736197,68.0,RS proxy 94; revenue >20%; earnings >20%; analyst consensus positive,TRENDING
DDOG,268.4800109863281,0.13292267628785548,0.031187686632418554,1.3182800850202194,0.5246539596249334,243.0089013671875,182.88510047912598,True,True,True,False,-0.06826299957244675,False,59.0,Technology,0.356,14.985,0.044770002,1051412352.0,0.25630664882167165,0.92793,strong_buy,46.0,-0.007688401960047275,93.86503067484662,68.0,RS proxy 94; revenue >20%; earnings >20%; analyst consensus positive,TRENDING
ARM,296.14801025390625,0.23885382335588545,-0.16476858127735383,1.1622955296184379,0.9012702914377844,265.1695596313477,213.3109648513794,True,True,True,False,-0.3261092795425071,False,60.0,Technology,0.224,1.083,0.20247999,1334499968.0,0.12474279835390946,0.96249,buy,40.0,-0.007688401960047275,92.63803680981594,68.0,RS proxy 93; revenue >20%; earnings >20%; analyst consensus positive,TRENDING
NET,352.5400085449219,0.17576044840810168,0.4372961933277635,0.8113343251323846,0.4466909800315618,302.85760009765625,233.00600006103517,True,True,True,False,-0.017501807733988684,False,57.8,Technology,0.359,,-0.082100004,691946368.0,0.8478311511088235,0.9018,buy,31.0,-0.007688401960047275,91.41104294478528,68.0,RS proxy 91; near 52w high; revenue >20%; analyst consensus positive,TRENDING
HOOD,115.87999725341797,0.11145208976693022,0.15556440630254342,0.7783915092196707,0.48112328646934716,104.9095997619629,94.43262493133545,True,True,True,False,-0.23993183687248287,False,57.7,Financial Services,0.323,0.476,0.42011002,,0.95900444494401,0.79473,buy,27.0,-0.01412955533507343,90.79754601226993,68.0,RS proxy 91; revenue >20%; earnings >20%; analyst consensus positive,TRENDING
LRCX,322.6300048828125,0.06980042118318042,-0.2546725465055034,0.616567247675426,0.5100344671517599,304.63426513671874,271.9870781707764,True,True,True,False,-0.2546725465055034,False,57.2,Technology,0.3,0.348,0.31272,3090484480.0,0.7387414839818376,0.88845,strong_buy,31.0,-0.007688401960047275,88.95705521472392,68.0,RS proxy 89; revenue >20%; earnings >20%; analyst consensus positive,TRENDING
MPC,393.2699890136719,0.06626359930367998,0.5424055354227018,0.6146672969964817,0.4027987134102242,359.3038269042969,257.14518379211427,True,True,True,False,-0.0744193192229492,False,56.5,Energy,0.537,3.48,0.05549,9249375232.0,4.414521211122554,0.79495,buy,18.0,-0.005422452105727782,88.34355828220859,68.0,RS proxy 88; revenue >20%; earnings >20%; analyst consensus positive,TRENDING
AMAT,509.2799987792969,0.10312557447271797,-0.29484844856058645,0.5797795893313935,0.7468630810465215,488.8135968017578,422.97954513549803,True,True,True,False,-0.29484844856058645,False,57.7,Technology,0.248,0.428,0.30052,3075375104.0,0.795624338303942,0.86294997,strong_buy,36.0,-0.007688401960047275,87.73006134969326,68.0,RS proxy 88; revenue >20%; earnings >20%; analyst consensus positive,TRENDING
VLO,388.7200012207031,0.10318996872718933,0.4983191871683721,0.5666130608433166,0.42671769723131514,349.487939453125,255.37783416748047,True,True,True,False,-0.05942701710979603,False,56.2,Energy,0.517,4.535,0.05446,8416374784.0,1.4413259304660553,0.87044,buy,19.0,-0.005422452105727782,87.11656441717791,68.0,RS proxy 87; revenue >20%; earnings >20%; analyst consensus positive,TRENDING
TXN,281.8399963378906,0.08969989319320226,-0.04960903138327888,0.5273169853189363,0.3630878145647064,270.6182977294922,245.54811332702636,True,True,True,False,-0.1474568590415286,False,55.7,Technology,0.228,0.518,0.31111,3545250048.0,2.0071418186626304,0.91667,buy,31.0,-0.007688401960047275,86.50306748466258,68.0,RS proxy 87; revenue >20%; earnings >20%; analyst consensus positive,TRENDING
ASML,1830.2099609375,0.07903141452253526,-0.0788478219011256,0.46462380430315564,1.0076864573579714,1719.645185546875,1528.6373196411132,True,True,True,False,-0.0788478219011256,False,57.9,Technology,0.213,0.285,0.30114,8437675008.0,0.2617424025756474,0.20408002,strong_buy,16.0,-0.007688401960047275,85.2760736196319,68.0,RS proxy 85; revenue >20%; earnings >20%; analyst consensus positive,TRENDING
TSM,459.04998779296875,0.10241786365245376,-0.03620104766118337,0.45769160623376437,0.7378334824139572,421.50983825683596,382.87114288330076,True,True,True,False,-0.03620104766118337,False,56.6,Technology,0.36,0.774,0.49923,730826014720.0,0.3037394568940542,0.15482001,strong_buy,20.0,-0.007688401960047275,84.66257668711657,68.0,RS proxy 85; revenue >20%; earnings >20%; analyst consensus positive,TRENDING
SNDK,1722.0250244140625,0.15962844419659228,-0.24264312860093817,2.007903972775655,0.47610545800549364,1530.541796875,1122.8245481109618,True,True,True,False,-0.2625160495014721,False,60.3,Technology,3.716,,0.56465,7720875008.0,0.04220915695144311,0.80974996,buy,24.0,-0.007688401960047275,98.15950920245399,65.0,RS proxy 98; revenue >20%; analyst consensus positive,TRENDING
MSFT,511.4100036621094,-0.0041283381960512955,0.373579853759199,0.4304728002549909,0.5898610584456339,479.9243688964844,430.89064071655275,True,True,True,False,-0.048798650077042316,False,55.3,Technology,0.177,0.317,0.40305,16545500160.0,1.676314029616911,0.75803,strong_buy,52.0,-0.007688401960047275,82.82208588957054,65.0,RS proxy 83; earnings >20%; analyst consensus positive,TRENDING
NVDA,228.18499755859375,0.05005897936729764,0.14168793064762442,0.3846738324770751,0.6263573657154393,216.8229428100586,199.5729981994629,True,True,True,False,-0.029835559675271406,False,54.0,Technology,1.059,1.278,0.63663,41809874944.0,0.6220685543800067,0.71419,strong_buy,59.0,-0.007688401960047275,78.52760736196319,64.0,near 52w high; revenue >20%; earnings >20%; analyst consensus positive,TRENDING
INTC,116.2249984741211,0.2990387491715707,-0.1676216113315656,1.8216800764532408,0.6276253096602699,99.85549987792969,79.95672494888305,True,True,True,False,-0.175358333611212,False,60.4,Technology,0.254,,-0.19794,4866375168.0,1.7000370027509901,0.62568,buy,43.0,-0.007688401960047275,96.93251533742331,62.0,RS proxy 97; revenue >20%; analyst consensus positive,TRENDING
SNOW,330.4750061035156,0.007545750315596456,0.2985265465756999,1.15054994495536,0.863436242138084,319.3402996826172,226.14247482299805,True,True,True,False,-0.07292337371495416,False,59.7,Technology,0.351,,-0.20071,1739526656.0,1.1787524027005234,0.81004995,strong_buy,48.0,-0.007688401960047275,92.02453987730061,62.0,RS proxy 92; revenue >20%; analyst consensus positive,TRENDING
NBIS,238.8300018310547,0.14174400130718756,-0.13520661107709464,1.588662435519999,0.6905466692264405,217.78260040283203,165.50762535095214,True,True,True,False,-0.1669399009480046,False,60.3,Communication Services,4.54,,0.03129,-9614650368.0,1.2677410213782483,0.69456,buy,19.0,-0.020214905255189874,95.70552147239265,60.0,RS proxy 96; revenue >20%; analyst consensus positive,TRENDING
TMO,679.5050048828125,0.09297290621460519,0.3563624373103258,0.4179930328242867,0.4665389429355071,609.8886328125,540.4395510864258,True,True,True,False,0.0013336712782718863,False,54.2,Healthcare,0.105,0.094,0.15036,6237250048.0,10.469733795275591,0.94088,buy,27.0,0.0037376803173656548,80.98159509202453,60.0,RS proxy 81; near 52w high; analyst consensus positive,TRENDING
PSX,252.30999755859375,0.03401501265771012,0.5004385515186878,0.38245025804017874,0.4029923278769034,237.1250439453125,180.5900966644287,True,True,True,False,-0.07986577651774629,False,52.9,Energy,0.531,3.449,0.046609998,4545375232.0,5.017077304441828,0.80531,buy,19.0,-0.005422452105727782,77.91411042944786,58.0,revenue >20%; earnings >20%; analyst consensus positive,TRENDING
PLTR,186.02999877929688,-0.0013956439755548056,0.5944973146387988,0.3524536143361394,0.29546533356151006,166.0523989868164,152.042424659729,True,True,True,False,-0.102085117502549,False,52.0,Technology,0.928,2.154,0.49005002,2159104512.0,0.02246761412245405,0.64754,buy,26.0,-0.007688401960047275,76.68711656441718,58.0,revenue >20%; earnings >20%; analyst consensus positive,TRENDING
LLY,1185.6600341796875,0.00940741945490764,-0.010063933044636375,0.3414874228221141,0.44067741810328104,1177.6902490234374,1069.51650390625,True,True,True,False,-0.0739490558509307,False,52.0,Healthcare,0.477,0.262,0.33528998,11065900032.0,6.134972130036793,0.8532,buy,29.0,0.0037376803173656548,74.84662576687117,58.0,revenue >20%; earnings >20%; analyst consensus positive,TRENDING
SHOP,148.22000122070312,-0.030608193999992372,0.2981257735553213,0.32611618209168003,0.5874634012977344,138.83780029296875,129.74865005493163,True,True,True,False,-0.172001531930984,False,52.3,Technology,0.337,0.681,0.1453,1587750016.0,0.03598140426691523,0.73174006,buy,48.0,-0.007688401960047275,74.23312883435584,58.0,revenue >20%; earnings >20%; analyst consensus positive,TRENDING
KLAC,195.97000122070312,0.11638377985618975,-0.3497348072776939,0.42083567961890056,0.5105531467722245,188.09916900634767,176.3189733505249,True,True,True,False,-0.3497348072776939,False,54.6,Technology,0.152,0.138,0.35574,2624587520.0,1.2548348744273639,0.93935996,buy,26.0,-0.007688401960047275,81.59509202453987,57.0,RS proxy 82; analyst consensus positive,TRENDING
AAPL,330.5799865722656,0.0340318234276098,0.14343756920563688,0.34278038205565253,0.5316853151941489,321.9271826171875,287.960549621582,True,True,True,False,-0.030756209947189528,False,52.5,Technology,0.164,0.287,0.27618998,107721875456.0,1.351688258424455,0.66344,buy,39.0,-0.007688401960047275,75.4601226993865,55.0,earnings >20%; analyst consensus positive,TRENDING
QCOM,184.55999755859375,0.13018124463306768,0.004191088252457842,0.4657262518415002,0.3888192137329266,170.27547821044922,167.74293365478516,True,True,True,False,-0.2580278682052325,False,55.6,Technology,-0.04,-0.23,0.21013,10241000448.0,1.8388727861271676,0.83081,hold,30.0,-0.007688401960047275,85.88957055214725,53.0,RS proxy 86,WATCH
FCX,70.84500122070312,-0.07331583978131129,0.1292249122265543,0.3023482825939068,0.6368316054030125,70.13150024414062,63.09412273406983,True,True,True,False,-0.11344014548837478,False,52.1,Basic Materials,-0.073,0.281,0.113850005,2159249920.0,2.5389706039215687,0.89401,buy,22.0,-0.030180046467890742,73.00613496932516,52.0,earnings >20%; analyst consensus positive,WATCH
EMR,157.625,0.01575594432026506,0.10485199101154352,0.2879054645248853,0.585642690822416,153.43777069091797,143.49425113677978,True,True,True,False,-0.03784192799111952,False,51.5,Industrials,0.07,0.23,0.13828,3706249984.0,6.331192836697248,0.84082,buy,28.0,-0.007106399738681879,71.77914110429448,52.0,earnings >20%; analyst consensus positive,WATCH
ETN,432.9100036621094,0.07480511687305058,0.018434068044480334,0.26677264782420274,0.4683419594268502,420.0970733642578,386.095090637207,True,True,True,False,-0.05880943624552304,False,50.4,Industrials,0.214,-0.159,0.12752,3106125056.0,30.684892270503596,0.87901,strong_buy,26.0,-0.007106399738681879,69.93865030674846,52.0,revenue >20%; analyst consensus positive,WATCH
HPQ,30.86989974975586,0.021294213391927608,0.4206881429417122,0.6561368229226838,0.413744358408151,29.966401672363283,23.072683124542237,True,True,True,False,-0.1299351705738464,False,57.0,Technology,0.125,-0.113,0.04143,3389874944.0,2.4799713309470293,0.95943,none,17.0,-0.007688401960047275,89.57055214723927,50.0,RS proxy 90,WATCH
EL,94.44499969482422,-0.08341421918027103,0.2003269045213647,0.39941468988659046,0.44414294931536313,92.98046768188476,91.71743103027343,True,True,True,True,-0.20215108831196082,False,53.5,Consumer Defensive,0.063,,0.01209,1812125056.0,2.6432248331425896,0.9569,buy,28.0,-0.011604093737616505,79.14110429447852,49.0,recent golden cross; analyst consensus positive,WATCH
META,733.0999755859375,0.26929606125536476,0.3024882166073046,0.3691012265033047,0.7568365044288224,618.4775720214843,626.1548406982422,True,True,False,False,-0.05721530592341384,False,54.1,Communication Services,0.28,-0.134,0.29834998,21553625088.0,1.244382907127258,0.79017997,strong_buy,57.0,-0.020214905255189874,77.30061349693251,49.0,revenue >20%; analyst consensus positive,WATCH
TGT,157.0500030517578,-0.03756581627137945,0.21166400493121507,0.3449288319645367,0.5812280607507118,154.1701806640625,126.3941121673584,True,True,True,False,-0.07557829409629735,False,53.0,Consumer Defensive,0.053,1.005,0.04078,3432999936.0,3.5475884193563068,0.88987,hold,34.0,-0.011604093737616505,76.07361963190185,48.0,earnings >20%,WATCH
ABBV,263.8450012207031,0.03274231107348635,0.05596496203585444,0.25716733172354767,0.45963134409779216,257.4932989501953,228.85796676635744,True,True,True,False,-0.009144500412184398,False,49.7,,,,,,,,,,,68.09815950920245,38.0,near 52w high,WEAK / MIXED
MDB,334.6000061035156,-0.2508172277066978,-0.0038701631931835623,0.42255855003038323,2.7831466722778964,386.69139892578124,343.8407999420166,False,False,True,False,-0.2915369792929038,False,39.9,,,,,,,,,,,82.20858895705521,37.3,volume 2.8x; RS proxy 82,WEAK / MIXED
ROKU,151.7899932861328,-0.03732366990152025,0.09881275486314522,0.7203897485084287,0.31784863316385065,152.63249877929687,122.58487464904785,False,True,True,False,-0.049887340352669396,False,44.8,,,,,,,,,,,90.1840490797546,34.0,RS proxy 90,WEAK / MIXED
UNH,373.6098937988281,-0.04336323397319064,-0.095564758165531,0.444124561968684,0.37466683113547544,395.5746325683594,352.02800247192386,False,True,True,False,-0.138511709358219,False,42.9,,,,,,,,,,,84.04907975460122,34.0,RS proxy 84,WEAK / MIXED
NUE,236.1750030517578,-0.057185616559849106,0.060269373969731976,0.4419576720463976,0.6118505183689522,255.8063006591797,212.99804969787598,False,True,True,False,-0.14036903455415495,False,43.6,,,,,,,,,,,83.43558282208589,34.0,RS proxy 83,WEAK / MIXED
MET,95.40499877929688,-0.011449625245824824,0.1345712165744033,0.41689880493688847,0.44028450402283265,96.24511611938476,82.77730892181397,False,True,True,False,-0.0454727194368888,False,41.9,,,,,,,,,,,80.3680981595092,34.0,RS proxy 80,WEAK / MIXED
MRK,149.1300048828125,0.01119168183963648,0.16739524971338837,0.27933142800332456,0.4262880832043538,140.6634278869629,120.74065689086915,True,True,True,False,-0.041161431343655464,False,50.4,,,,,,,,,,,70.5521472392638,32.0,no strong trend confirmations,WEAK / MIXED
NOW,130.32000732421875,-0.09944025099868559,0.3126511777455292,0.24149762607143677,0.5596075229633828,126.8631999206543,116.23231002807617,True,True,True,False,-0.31141610737605707,False,49.0,,,,,,,,,,,65.03067484662577,32.0,no strong trend confirmations,WEAK / MIXED
URI,1000.7050170898438,-0.028677488871784784,-0.1151552115093849,0.40714184379937324,1.8857504941285896,1065.43470703125,941.8478845214844,False,True,True,False,-0.14089295922692924,False,47.5,,,,,,,,,,,79.75460122699386,30.0,no strong trend confirmations,WEAK / MIXED
GILD,151.60000610351562,0.0464981772866182,0.2066950585875622,0.12553763276411045,0.40832149656985706,141.59422302246094,134.795489692688,True,True,True,False,-0.009452577988504185,False,43.0,,,,,,,,,,,49.693251533742334,28.0,near 52w high,WEAK / MIXED
PFE,28.69499969482422,0.02628757633828882,0.2124994982992141,0.0687408701683685,0.5807001821464257,27.108789329528808,25.753799629211425,True,True,True,False,-0.011199199097617685,False,41.8,,,,,,,,,,,44.171779141104295,28.0,near 52w high,WEAK / MIXED
DIS,105.25499725341797,-0.026318235530634282,0.09355841302252443,0.12448585641041277,0.41751068454299806,103.82230010986328,103.4290578842163,True,True,True,True,-0.08472980322728008,False,42.8,,,,,,,,,,,49.079754601226995,27.0,recent golden cross,WEAK / MIXED
STLD,222.1999969482422,-0.05313845535433814,-0.031639543071565024,0.3004609719687463,0.6204935903906329,243.54259979248047,215.48910606384277,False,True,True,False,-0.2123923983456567,False,39.8,,,,,,,,,,,72.39263803680981,24.0,no strong trend confirmations,WEAK / MIXED
ABNB,157.63999938964844,-0.16781921826150814,0.10160721639393144,0.2805849012483015,0.47468901006168085,168.45260009765624,143.0170748901367,False,True,True,False,-0.17249344152415513,False,38.8,,,,,,,,,,,71.16564417177914,24.0,no strong trend confirmations,WEAK / MIXED
PRU,115.27999877929688,-0.03764923701278544,0.08043031358262165,0.251060111323798,0.537592974620058,119.73064407348633,106.60576026916505,False,True,True,False,-0.06808237743293422,False,37.6,,,,,,,,,,,66.87116564417178,24.0,no strong trend confirmations,WEAK / MIXED
GOOGL,340.70001220703125,-0.016362275662775816,-0.046033514435632306,0.24724908934196344,0.5031867267984808,343.83808959960936,338.05453826904295,False,True,True,False,-0.1527429425272946,False,37.2,,,,,,,,,,,66.25766871165644,24.0,no strong trend confirmations,WEAK / MIXED
CAT,826.1350708007812,0.03234623030400652,-0.2227743574855171,0.24244248123585943,0.5273726357958554,827.2635021972657,789.9311819458007,False,True,True,False,-0.2227743574855171,False,37.1,,,,,,,,,,,65.6441717791411,24.0,no strong trend confirmations,WEAK / MIXED
CRM,225.875,-0.11612352511549018,0.44435325796414604,0.22911829878689383,0.37280967893569283,215.5488510131836,200.01736015319824,True,True,True,False,-0.14576216100427308,False,47.2,,,,,,,,,,,61.963190184049076,22.0,no strong trend confirmations,WEAK / MIXED
DE,678.7999877929688,0.07689618039595336,0.07010541753509125,0.22871263938590114,0.4279690126963882,644.5561987304687,583.3030633544922,True,True,True,False,-0.04324292935723306,False,47.2,,,,,,,,,,,61.34969325153374,22.0,no strong trend confirmations,WEAK / MIXED
AMGN,423.0799865722656,-0.021599432416255726,0.17516978460467003,0.2285559659756049,0.5663589625426634,405.84092102050784,359.52627044677735,True,True,True,False,-0.04737460320688813,False,47.5,,,,,,,,,,,60.73619631901841,22.0,no strong trend confirmations,WEAK / MIXED
VRTX,527.2849731445312,-0.026592754586481693,0.061512212836771996,0.18982978785821025,0.2909320142599051,516.0827008056641,472.7179246520996,True,True,True,False,-0.054977144634258956,False,45.3,,,,,,,,,,,57.668711656441715,22.0,no strong trend confirmations,WEAK / MIXED
PM,193.10009765625,0.006306208090315124,0.06738208914587385,0.18122312847424515,0.44059899001984293,190.10660186767578,175.8741219329834,True,True,True,False,-0.03531948132770757,False,45.5,,,,,,,,,,,56.44171779141104,22.0,no strong trend confirmations,WEAK / MIXED
NEM,117.36499786376953,-0.081033657137491,0.25920032047950126,0.14317230311327211,0.37801925180746604,116.43892639160157,110.84276927947998,True,True,True,False,-0.12972241774482562,False,43.3,,,,,,,,,,,50.920245398773,22.0,no strong trend confirmations,WEAK / MIXED
JNJ,267.1709899902344,-0.00324212254508216,0.057166816613899885,0.11358302393260078,0.4534591454889543,265.0722091674805,238.9549868774414,True,True,True,False,-0.040437463569729215,False,42.1,,,,,,,,,,,46.62576687116564,22.0,no strong trend confirmations,WEAK / MIXED
MO,68.55500030517578,0.014565226865893344,-0.03196788237153425,0.05478231890703,0.41923739162845947,67.89805122375488,65.2358579826355,True,True,True,False,-0.07034296258958628,False,40.1,,,,,,,,,,,41.104294478527606,22.0,no strong trend confirmations,WEAK / MIXED
CVX,203.89500427246094,0.010081262538176317,0.24079653740432727,-0.0149578647751053,0.36933152577323586,201.0431201171875,183.22962829589844,True,True,True,False,-0.0637140089442273,False,35.1,,,,,,,,,,,27.607361963190186,22.0,no strong trend confirmations,WEAK / MIXED
XOM,161.19000244140625,0.028587808918411728,0.18661305887365454,-0.047443306240486316,0.35433441752024114,159.60408355712892,146.94028774261474,True,True,True,False,-0.048015618539662186,False,33.6,,,,,,,,,,,23.31288343558282,22.0,no strong trend confirmations,WEAK / MIXED
SNAP,5.329999923706055,-0.0184161892806477,0.20045041779633577,0.3258706340783657,0.49990247970115437,5.2891999530792235,5.657299994230271,True,False,False,False,-0.4136413823724059,False,39.8,,,,,,,,,,,73.61963190184049,18.0,no strong trend confirmations,WEAK / MIXED
SE,98.93000030517578,-0.17116287031422805,0.03234893472700007,0.2633125193389716,0.6298273274921862,110.72720031738281,103.31450004577637,False,False,True,False,-0.4865846745979532,False,26.8,,,,,,,,,,,69.32515337423312,16.0,no strong trend confirmations,WEAK / MIXED
DASH,186.49000549316406,-0.2122581685985936,0.010621615600894252,0.2599825174951338,0.8607845883816022,205.42570007324218,187.3434001159668,False,False,True,False,-0.33807761781341017,False,27.5,,,,,,,,,,,68.71165644171779,16.0,no strong trend confirmations,WEAK / MIXED
CVS,86.51000213623047,-0.07038465070063193,-0.1585733834798818,0.251919054255086,0.508865107743911,96.22828979492188,86.8102613067627,False,False,True,False,-0.21296943341767904,False,25.7,,,,,,,,,,,67.48466257668711,16.0,no strong trend confirmations,WEAK / MIXED
COIN,189.11000061035156,0.058609500987883534,0.29359051543998627,0.17613040927131607,0.46388074103831767,171.7067999267578,186.5453995513916,True,True,False,False,-0.5116843391557631,False,45.2,,,,,,,,,,,55.21472392638037,16.0,no strong trend confirmations,WEAK / MIXED
PG,148.01499938964844,0.029454726987808044,0.01691174851844912,0.03816204119658795,0.4831682926859009,145.86347290039063,146.13381362915038,True,True,False,False,-0.1014185274889492,False,39.5,,,,,,,,,,,38.65030674846626,16.0,no strong trend confirmations,WEAK / MIXED
C,131.0500030517578,-0.013920172533397723,-0.05890048454857644,0.23370342311501147,0.530937466584252,134.05634765625,124.76561351776122,False,True,True,False,-0.09578982089180454,False,36.7,,,,,,,,,,,64.41717791411043,14.0,no strong trend confirmations,WEAK / MIXED
MS,192.88999938964844,-0.10187644665246243,-0.07217846776925196,0.23125673277529635,0.5091875843400389,210.9298373413086,192.3039144897461,False,True,True,False,-0.15138129031508796,False,36.2,,,,,,,,,,,63.190184049079754,14.0,no strong trend confirmations,WEAK / MIXED
AMZN,247.27000427246094,-0.0719137819691198,0.037467517293700014,0.23050514071990347,0.5661738467935259,256.0989999389648,241.01644996643066,False,True,True,False,-0.1293922475979038,False,36.2,,,,,,,,,,,62.57668711656442,14.0,no strong trend confirmations,WEAK / MIXED
PYPL,53.935001373291016,0.007607546414663435,0.25215888286822774,0.21438226740440824,0.3843653955303434,56.59262672424316,50.13160140991211,False,True,True,False,-0.2836400799760125,False,34.4,,,,,,,,,,,59.50920245398773,14.0,no strong trend confirmations,WEAK / MIXED
MMM,168.77000427246094,-0.031949020204373624,0.04693229879241079,0.19551973197383288,0.5939297851320475,173.44664428710936,159.50033729553223,False,True,True,False,-0.07765363925131286,False,35.0,,,,,,,,,,,58.895705521472394,14.0,no strong trend confirmations,WEAK / MIXED
JPM,335.0899963378906,-0.06299982967091666,0.028318726454755083,0.19224080242864594,0.36674766764465083,353.17799987792966,319.89016952514646,False,True,True,False,-0.08239771329588008,False,33.9,,,,,,,,,,,58.282208588957054,14.0,no strong trend confirmations,WEAK / MIXED
CSX,46.915000915527344,-0.08261631843070183,-0.010236939011903368,0.18651356506319683,0.34391290900315585,49.60097152709961,43.944701747894285,False,True,True,False,-0.11622325913892728,False,33.3,,,,,,,,,,,57.05521472392638,14.0,no strong trend confirmations,WEAK / MIXED
BAC,55.005001068115234,-0.11287485343504933,-0.02973600548329325,0.17664400295727134,0.5369567689190599,61.10549041748047,54.81659791946411,False,True,True,False,-0.14695814015124853,False,33.7,,,,,,,,,,,55.828220858895705,14.0,no strong trend confirmations,WEAK / MIXED
USB,58.17499923706055,-0.068753031850737,-0.03683778530808546,0.165068941641916,0.5525020808196817,62.509100112915036,57.048642578125,False,True,True,False,-0.11074593602364158,False,33.1,,,,,,,,,,,53.987730061349694,14.0,no strong trend confirmations,WEAK / MIXED
UNP,274.4049987792969,-0.10322230289587386,0.013523638300330543,0.1583442704637703,0.32531311404699903,291.10663940429686,262.09325485229493,False,True,True,False,-0.11248980889079274,False,32.0,,,,,,,,,,,53.37423312883436,14.0,no strong trend confirmations,WEAK / MIXED
BLK,1070.349853515625,-0.07611744742097937,0.11885134929937702,0.15828246759980358,0.3327610129891056,1104.7759936523437,1051.1275637817382,False,True,True,False,-0.09094221049261586,False,31.8,,,,,,,,,,,52.760736196319016,14.0,no strong trend confirmations,WEAK / MIXED
KO,86.83499908447266,-0.025728871265506603,0.0748512022105885,0.15270927728636563,0.4703875971908232,87.2828321838379,78.86949947357178,False,True,True,False,-0.050405930621856276,False,32.1,,,,,,,,,,,52.14723926380368,14.0,no strong trend confirmations,WEAK / MIXED
SPG,204.32000732421875,-0.037504592231084266,-0.07662411537471459,0.14493343852677643,0.39439988536418175,214.84350708007813,199.6819753265381,False,True,True,False,-0.12753268547702634,False,31.6,,,,,,,,,,,51.533742331288344,14.0,no strong trend confirmations,WEAK / MIXED
BMY,63.709999084472656,-0.04310607791607757,0.11817381927612591,0.08979575164038422,0.394593655593224,64.4873999786377,58.558856678009036,False,True,True,False,-0.06432658964589477,False,29.5,,,,,,,,,,,45.39877300613497,14.0,no strong trend confirmations,WEAK / MIXED
SCHW,98.73999786376953,-0.10366744207242495,0.07324082091085149,0.06794830430222598,0.5218143838738561,106.39736541748047,97.83144973754882,False,True,True,False,-0.1311922873904604,False,29.3,,,,,,,,,,,43.558282208588956,14.0,no strong trend confirmations,WEAK / MIXED
EQIX,1012.7899780273438,-0.030275519305192344,-0.023753943566579783,0.06079801607375601,0.42013057160302475,1042.4898608398437,976.053591003418,False,True,True,False,-0.08809677448782505,False,28.5,,,,,,,,,,,42.331288343558285,14.0,no strong trend confirmations,WEAK / MIXED
REGN,750.8200073242188,-0.054609092262386194,0.20553089895458365,0.004710480709317899,0.6681491735423919,779.5238427734375,734.5610675048828,False,True,True,False,-0.11878691887911308,False,26.5,,,,,,,,,,,33.74233128834356,14.0,no strong trend confirmations,WEAK / MIXED
COP,125.40499877929688,-0.037936379690628796,0.21432699057518034,-0.04297067093020068,0.6712343873820168,127.25002700805663,114.85060272216796,False,True,True,False,-0.11198840323397297,False,23.3,,,,,,,,,,,24.539877300613497,14.0,no strong trend confirmations,WEAK / MIXED
VZ,46.17499923706055,-0.0783433005309967,0.10916738903743561,-0.052316190468137624,0.47388354907196206,48.204100341796874,45.45134788513184,False,True,True,False,-0.10252675311287074,False,21.8,,,,,,,,,,,22.699386503067483,14.0,no strong trend confirmations,WEAK / MIXED
EOG,139.2050018310547,-0.028915270986928032,0.08099981124145428,-0.057128883995071766,0.38889291069858833,144.58330078125,130.3256381225586,False,True,True,False,-0.09454275492890929,False,21.1,,,,,,,,,,,21.472392638036812,14.0,no strong trend confirmations,WEAK / MIXED
OXY,54.95000076293945,-0.06595348809462676,0.13654819559486975,-0.1627849140077986,0.5500728749474864,58.19920860290527,53.341060180664066,False,True,True,False,-0.1627849140077986,False,18.1,,,,,,,,,,,11.042944785276074,14.0,no strong trend confirmations,WEAK / MIXED
AIG,75.6449966430664,-0.01018996279729667,0.021683730380644528,0.03513983971575918,1.64638359382058,76.4219987487793,76.3007780456543,False,False,True,False,-0.10954790359925304,False,19.7,,,,,,,,,,,37.423312883435585,12.0,no strong trend confirmations,WEAK / MIXED
T,24.584999084472656,-0.05478666404727062,0.2035839659961165,-0.12526262405739863,0.4348652532443128,24.87389995574951,24.77582755088806,False,False,True,True,-0.13488169242264902,False,6.7,,,,,,,,,,,14.11042944785276,11.0,recent golden cross,WEAK / MIXED
TSLA,353.114990234375,0.012516101030465965,-0.16044939346132958,-0.006093809255687366,0.5956627413537291,347.4516979980469,394.69177444458006,True,False,False,False,-0.27918064278037635,False,24.9,,,,,,,,,,,30.061349693251532,8.0,no strong trend confirmations,WEAK / MIXED
ISRG,411.6300048828125,0.10475039758440996,0.0350784863808935,-0.09088297629627085,0.4720130264978228,376.48659851074217,449.45974960327146,True,False,False,False,-0.3056759351706442,False,20.3,,,,,,,,,,,18.404907975460123,8.0,no strong trend confirmations,WEAK / MIXED
AVGO,355.8500061035156,-0.03333069154720736,-0.05625945066424465,0.21693952024553176,0.47420068425196876,375.16136047363284,366.5029801940918,False,False,True,False,-0.25854560012473204,False,22.9,,,,,,,,,,,60.122699386503065,6.0,no strong trend confirmations,WEAK / MIXED
GE,319.06500244140625,-0.06864085776329787,-0.14520454718076548,0.1691224661341435,0.3860350677810977,343.6813000488281,323.20197692871096,False,False,True,False,-0.16304233403355173,False,20.7,,,,,,,,,,,54.601226993865026,6.0,no strong trend confirmations,WEAK / MIXED
GS,914.5,-0.11123037957624027,-0.09135246875183256,0.14292845453365177,0.4808656789547918,1011.8813134765625,951.8841848754882,False,False,True,False,-0.20232373910747292,False,19.5,,,,,,,,,,,50.306748466257666,6.0,no strong trend confirmations,WEAK / MIXED
PNC,221.6999969482422,-0.08471639075653281,-0.09240713954286195,0.1166526085952393,0.6896024827063394,243.81580017089843,225.74210594177245,False,False,True,False,-0.13725339185475072,False,19.7,,,,,,,,,,,48.466257668711656,6.0,no strong trend confirmations,WEAK / MIXED
COF,197.0,-0.08656743324270888,-0.014576425444103425,0.11460333638748854,0.5682507901151141,211.32007110595703,205.03496475219725,False,False,True,False,-0.22732429465902682,False,19.0,,,,,,,,,,,47.85276073619632,6.0,no strong trend confirmations,WEAK / MIXED
SBUX,95.54010009765625,-0.1141390686196313,-0.05970320498727111,0.1145310172336853,0.553050898956988,102.64826568603516,97.7267138671875,False,False,True,False,-0.11936490018530943,False,18.7,,,,,,,,,,,47.239263803680984,6.0,no strong trend confirmations,WEAK / MIXED
NVO,38.345001220703125,-0.15928522895041541,-0.18992513350194196,0.10045301576249632,0.5328567167259186,45.113459548950196,44.734745006561276,False,False,True,False,-0.3707525188430033,False,18.2,,,,,,,,,,,46.012269938650306,6.0,no strong trend confirmations,WEAK / MIXED
CI,273.80499267578125,-0.012746535743590859,-0.0012867889739549554,0.07300431489945991,0.6593113713038301,278.906201171875,277.21870140075686,False,False,True,False,-0.09964446559402562,False,18.3,,,,,,,,,,,44.785276073619634,6.0,no strong trend confirmations,WEAK / MIXED
MELI,1728.7794189453125,-0.12077334065082646,0.01849274711526827,0.0676750686004719,0.5966875874540738,1866.544775390625,1842.0945965576173,False,False,True,False,-0.30885041100532673,False,17.4,,,,,,,,,,,42.944785276073624,6.0,no strong trend confirmations,WEAK / MIXED
WFC,80.53500366210938,-0.07100009927277418,-0.019876957737439693,0.06068285977550181,0.5252410897252113,86.43693725585938,84.21276416778565,False,False,True,False,-0.15073343775232484,False,16.7,,,,,,,,,,,41.717791411042946,6.0,no strong trend confirmations,WEAK / MIXED
FDX,288.05999755859375,-0.12599483753475382,-0.07645119069761708,0.05405288002893549,0.32310606390736074,314.19335205078124,296.0391477203369,False,False,True,False,-0.1478095016602058,False,15.5,,,,,,,,,,,40.49079754601227,6.0,no strong trend confirmations,WEAK / MIXED
PLD,132.94500732421875,-0.04761527902178797,-0.010847242958828662,0.04809017342834454,0.7096324786709722,138.86383911132813,135.94046905517578,False,False,True,False,-0.10702040859833295,False,16.8,,,,,,,,,,,39.87730061349693,6.0,no strong trend confirmations,WEAK / MIXED
SHW,329.125,-0.04562717050376752,-0.041921138241716505,0.04698028275774235,0.5317178159560084,338.3153411865234,332.0049122619629,False,False,True,False,-0.11038000582864171,False,15.9,,,,,,,,,,,39.263803680981596,6.0,no strong trend confirmations,WEAK / MIXED
SPOT,492.7699890136719,-0.09997994516189013,0.07326897343475869,0.0374105031866776,0.7257922738838769,516.1738031005859,501.94940139770506,False,False,True,False,-0.32355483570853805,False,16.2,,,,,,,,,,,38.036809815950924,6.0,no strong trend confirmations,WEAK / MIXED
UPS,94.30999755859375,-0.10462360278068361,-0.108709995903847,0.026106301206119342,0.5409822481234869,102.626357421875,102.46940937042237,False,False,True,False,-0.18608837552420898,False,14.8,,,,,,,,,,,36.19631901840491,6.0,no strong trend confirmations,WEAK / MIXED
PINS,18.450000762939453,-0.20439843302965177,-0.12268187539073205,0.024430901080834344,0.2973260259786193,21.753399925231932,21.329900007247925,False,False,True,False,-0.4764472223560301,False,13.6,,,,,,,,,,,35.58282208588957,6.0,no strong trend confirmations,WEAK / MIXED
CL,86.26000213623047,-0.04947656048230886,-0.053724733398816116,0.018239615236051554,0.3709931986296144,89.99419982910156,87.70879825592041,False,False,True,False,-0.11949078723315609,False,13.7,,,,,,,,,,,34.96932515337423,6.0,no strong trend confirmations,WEAK / MIXED
RTX,186.97000122070312,-0.116857988326461,-0.011273321274889891,0.006532337671330879,0.44239795012304334,207.1184210205078,193.69992668151855,False,False,True,False,-0.17082798941893107,False,13.8,,,,,,,,,,,34.355828220858896,6.0,no strong trend confirmations,WEAK / MIXED
ABT,100.68499755859375,-0.10478352924513024,0.11751283697536663,0.0015634791429484096,0.44976941580579427,106.9922998046875,103.529681930542,False,False,True,False,-0.23462219161042364,False,13.2,,,,,,,,,,,32.515337423312886,6.0,no strong trend confirmations,WEAK / MIXED
D,60.689998626708984,-0.06478848649868796,-0.10231194107918795,0.0012445134421297244,0.48612443417124146,66.09126564025878,63.22250720977783,False,False,True,False,-0.14488609764201799,False,13.1,,,,,,,,,,,31.901840490797547,6.0,no strong trend confirmations,WEAK / MIXED
SLB,49.720001220703125,-0.12824038835834595,0.07502643274379173,-0.02503354911485689,1.1142379627557022,52.65347770690918,49.91392784118652,False,False,True,False,-0.16841956907088373,False,13.9,,,,,,,,,,,26.993865030674847,6.0,no strong trend confirmations,WEAK / MIXED
APD,278.6700134277344,-0.09549152280131346,-0.043587129430898486,-0.03224309391094138,0.3433179138935636,296.92639892578126,283.2648823547363,False,False,True,False,-0.1130525756315115,False,10.4,,,,,,,,,,,25.766871165644172,6.0,no strong trend confirmations,WEAK / MIXED
JD,26.344999313354492,-0.08333334992474473,0.03394818628957652,-0.057214411540502885,0.8191593336663121,29.247500190734865,28.539556703567506,False,False,True,False,-0.24566723471315255,False,10.6,,,,,,,,,,,20.858895705521473,6.0,no strong trend confirmations,WEAK / MIXED
O,55.2599983215332,-0.10450665787044577,-0.1004339144423183,-0.07247940125745411,0.6892206087575997,61.06729614257812,60.74908704757691,False,False,True,False,-0.1604811739802242,False,9.6,,,,,,,,,,,19.631901840490798,6.0,no strong trend confirmations,WEAK / MIXED
RGTI,15.890000343322754,0.019243116600294874,-0.17753620112221602,0.23178300877602176,0.5583269040041713,16.11980010986328,18.475775032043458,False,False,False,False,-0.7179623659870922,False,24.6,,,,,,,,,,,63.80368098159509,0.0,no strong trend confirmations,WEAK / MIXED
AXP,305.2900085449219,-0.08376351332414633,-0.09497202610064959,0.032281714894709435,0.5026553833435337,330.0797998046875,332.3437043762207,False,False,False,False,-0.20035422244440504,False,14.9,,,,,,,,,,,36.809815950920246,0.0,no strong trend confirmations,WEAK / MIXED
ORCL,138.47000122070312,-0.08206830879620353,-0.05184764315217083,0.004589568542475719,1.1062121884647587,142.71080001831055,162.965200920105,False,False,False,False,-0.5533366475035439,False,16.0,,,,,,,,,,,33.12883435582822,0.0,no strong trend confirmations,WEAK / MIXED
AMT,166.86500549316406,-0.053140727806938015,0.020144268639752383,-0.0012855098581784352,0.5596668097896093,173.02550018310546,175.27775512695314,False,False,False,False,-0.13219738384729884,False,13.2,,,,,,,,,,,31.28834355828221,0.0,no strong trend confirmations,WEAK / MIXED
MP,45.42499923706055,-0.19071800511929238,-0.1889840992979145,-0.0036192348097190408,1.1207571745684253,50.94249992370605,56.86507495880127,False,False,False,False,-0.5395337198738493,False,15.2,,,,,,,,,,,30.67484662576687,0.0,no strong trend confirmations,WEAK / MIXED
UBER,69.38500213623047,-0.11970309052428618,-0.038456227619844685,-0.0075096767040144785,0.5776885430445462,73.15970001220703,74.97302505493164,False,False,False,False,-0.3068431249360247,False,12.6,,,,,,,,,,,29.447852760736197,0.0,no strong trend confirmations,WEAK / MIXED
BA,187.5399932861328,-0.10618631808385337,-0.13364442080394578,-0.008826242632398729,0.9665071650500837,213.34059967041014,220.94530014038085,False,False,False,False,-0.25623637586474035,False,14.0,,,,,,,,,,,28.834355828220858,0.0,no strong trend confirmations,WEAK / MIXED
DD,129.97000122070312,-0.0470009450872636,-0.03758624219608542,-0.012062222916077836,0.3961965826311726,135.65348358154296,136.57101482391357,False,False,False,False,-0.14880817651261258,False,11.5,,,,,,,,,,,28.22085889570552,0.0,no strong trend confirmations,WEAK / MIXED
SOUN,5.860000133514404,-0.17580871681111165,-0.0942812482933909,-0.028192383147420896,0.4801673042928204,6.613699979782105,7.877249999046326,False,False,False,False,-0.7261682131788345,False,11.2,,,,,,,,,,,26.380368098159508,0.0,no strong trend confirmations,WEAK / MIXED
ADBE,232.44000244140625,-0.20266187156550308,0.13374303774038343,-0.036038660744976636,0.4216238588378568,257.24719879150393,261.5639498901367,False,False,False,False,-0.35417187609037526,False,10.5,,,,,,,,,,,25.153374233128833,0.0,no strong trend confirmations,WEAK / MIXED
LIN,473.0299072265625,-0.030484223599594018,-0.08546712129052125,-0.04641187972453176,0.535664227262158,481.4427850341797,482.48781356811526,False,False,False,False,-0.13180951685344044,False,10.5,,,,,,,,,,,23.92638036809816,0.0,no strong trend confirmations,WEAK / MIXED
IBM,221.3000030517578,-0.06065619724208349,-0.2073983463652761,-0.05362298687696343,0.3192447739380805,230.54203887939454,253.96526802062988,False,False,False,False,-0.32300370326076844,False,9.0,,,,,,,,,,,22.085889570552148,0.0,no strong trend confirmations,WEAK / MIXED
COST,924.4797973632812,-0.02220078266920933,-0.01017702440334567,-0.06952458800075778,0.632775814121902,933.7716516113281,958.7867388916015,False,False,False,False,-0.1538584308546207,False,9.6,,,,,,,,,,,20.245398773006134,0.0,no strong trend confirmations,WEAK / MIXED
AEP,119.01000213623047,-0.026980586119154992,-0.12348455884617104,-0.07880595932541545,0.33403494703654957,124.38079818725586,125.54871612548828,False,False,False,False,-0.13536611174245006,False,8.0,,,,,,,,,,,19.018404907975462,0.0,no strong trend confirmations,WEAK / MIXED
HD,289.1300048828125,-0.11789973591585357,-0.1741502432384301,-0.09290471854202398,0.8306485552865913,323.78287902832034,335.6285289001465,False,False,False,False,-0.2691302458827203,False,9.5,,,,,,,,,,,17.791411042944784,0.0,no strong trend confirmations,WEAK / MIXED
WM,206.3350067138672,-0.05651048513092394,-0.0701413398646743,-0.09486422164441433,0.3929882819870234,221.01149536132812,223.22467880249025,False,False,False,False,-0.15227515282701776,False,7.6,,,,,,,,,,,17.177914110429448,0.0,no strong trend confirmations,WEAK / MIXED
HON,210.10000610351562,-0.03371193864314603,-0.05881898584740419,-0.09595608992198001,0.27900200759952914,222.6798846435547,228.76316627502442,False,False,False,False,-0.18547130408815604,False,6.9,,,,,,,,,,,16.56441717791411,0.0,no strong trend confirmations,WEAK / MIXED
BABA,108.09500122070312,-0.09087468600935256,0.12622418670601498,-0.10569162448363323,0.48810631400890453,117.43709976196288,130.84082500457762,False,False,False,False,-0.42385262185536476,False,7.5,,,,,,,,,,,15.950920245398773,0.0,no strong trend confirmations,WEAK / MIXED
DUK,114.13999938964844,-0.050810815886499494,-0.0903496569146991,-0.11822541231444228,0.7191453769356516,121.2964990234375,122.34127159118653,False,False,False,False,-0.12978777734798752,False,8.2,,,,,,,,,,,15.337423312883436,0.0,no strong trend confirmations,WEAK / MIXED
SO,83.43000030517578,-0.054617560281294275,-0.12110636399043828,-0.12498305632118845,0.8551015765689379,89.75934707641602,90.996022605896,False,False,False,False,-0.14422967588551106,False,8.6,,,,,,,,,,,14.723926380368098,0.0,no strong trend confirmations,WEAK / MIXED
WMT,106.91500091552734,0.037103547516868396,-0.053761640971899616,-0.1305628357316191,0.6648884229318429,109.04455627441406,118.05420650482178,False,False,False,False,-0.20140863964432798,False,7.4,,,,,,,,,,,13.496932515337424,0.0,no strong trend confirmations,WEAK / MIXED
LMT,512.2100219726562,-0.08596576813661727,0.011616525320039983,-0.13334770172216193,0.436570389854077,555.4223797607422,556.4047717285156,False,False,False,False,-0.23340911808490783,False,6.3,,,,,,,,,,,12.883435582822086,0.0,no strong trend confirmations,WEAK / MIXED
CCI,66.5199966430664,-0.1136430454156192,-0.10884436482548798,-0.14313853576876234,0.5097787526359963,73.62555938720703,81.25260078430176,False,False,False,False,-0.29255090274741236,False,6.3,,,,,,,,,,,12.269938650306749,0.0,no strong trend confirmations,WEAK / MIXED
EXC,40.494998931884766,-0.06941548046705603,-0.12311070194372409,-0.1597428203092739,1.009147104991588,43.963395538330076,44.93788661956787,False,False,False,False,-0.1794584985608184,False,8.1,,,,,,,,,,,11.65644171779141,0.0,no strong trend confirmations,WEAK / MIXED
PEP,128.47000122070312,-0.0795886894293848,-0.04104555683108724,-0.16331779864020668,0.6052823762017331,136.55428466796874,144.85129188537599,False,False,False,False,-0.22352779730109962,False,6.1,,,,,,,,,,,10.429447852760736,0.0,no strong trend confirmations,WEAK / MIXED
NEE,75.87000274658203,-0.07294713903285677,-0.12908127943459313,-0.16349348068127567,0.5535962915704402,83.46734802246094,86.36626289367676,False,False,False,False,-0.21331806236904205,False,5.6,,,,,,,,,,,9.815950920245399,0.0,no strong trend confirmations,WEAK / MIXED
SRE,78.05500030517578,-0.06641454896128518,-0.1510021350201054,-0.1791976023912547,0.39256063213224784,84.22407501220704,88.83011085510253,False,False,False,False,-0.20528220227362626,False,4.8,,,,,,,,,,,9.202453987730062,0.0,no strong trend confirmations,WEAK / MIXED
LOW,187.75,-0.09757271210761609,-0.14322499710680348,-0.18386306732150148,0.46830355866800055,206.29340057373048,230.7879596710205,False,False,False,False,-0.33951385356517194,False,4.9,,,,,,,,,,,8.588957055214724,0.0,no strong trend confirmations,WEAK / MIXED
BIDU,86.72000122070312,-0.1070840324522635,-0.24122844933041365,-0.18649153412740593,0.6475668780395795,98.2670002746582,120.39715015411377,False,False,False,False,-0.4664041413922245,False,5.4,,,,,,,,,,,7.975460122699387,0.0,no strong trend confirmations,WEAK / MIXED
HAL,31.625,-0.12184164557239574,-0.06415992638177537,-0.1872914692358948,0.5736944904765298,33.95035270690918,35.10382761955261,False,False,False,False,-0.25763293703668677,False,4.9,,,,,,,,,,,7.361963190184049,0.0,no strong trend confirmations,WEAK / MIXED
RBLX,41.35210037231445,0.0732442689443833,-0.23957154174164708,-0.20338854760416658,1.233900928456813,42.844641876220706,56.11536054611206,False,False,False,False,-0.7078828688507273,False,7.3,,,,,,,,,,,6.748466257668712,0.0,no strong trend confirmations,WEAK / MIXED
PDD,77.5999984741211,-0.09441012646506808,0.01730466329244984,-0.21154237027199618,0.46978933659271743,84.2113996887207,95.0271499633789,False,False,False,False,-0.43821041243026226,False,4.0,,,,,,,,,,,6.134969325153374,0.0,no strong trend confirmations,WEAK / MIXED
TMUS,163.6909942626953,-0.09747478265668674,-0.018447884237518086,-0.22628298158410265,0.5228628588212895,177.0849331665039,189.8804727935791,False,False,False,False,-0.30174210825248016,False,4.0,,,,,,,,,,,5.521472392638037,0.0,no strong trend confirmations,WEAK / MIXED
MCD,234.39990234375,-0.10918492817522696,-0.12668419479968396,-0.2296793861036489,0.5919421782339634,260.0281295776367,287.5149608612061,False,False,False,False,-0.29925910909714115,False,4.1,,,,,,,,,,,4.9079754601226995,0.0,no strong trend confirmations,WEAK / MIXED
CMCSA,21.53499984741211,-0.20417589532786273,-0.11085877547741796,-0.23590877689553202,0.35178552544849834,24.77509998321533,26.354672336578368,False,False,False,False,-0.32012819514623736,False,2.9,,,,,,,,,,,4.294478527607362,0.0,no strong trend confirmations,WEAK / MIXED
NOC,503.5299987792969,-0.0728594707888719,-0.006852313947827482,-0.24351731848042435,0.338236301369863,539.1943511962891,595.0447338867187,False,False,False,False,-0.3384986924464346,False,2.6,,,,,,,,,,,3.6809815950920246,0.0,no strong trend confirmations,WEAK / MIXED
NFLX,70.31500244140625,-0.1395619017245867,-0.015196065284107885,-0.24368074090389413,0.6748756717946552,75.59690002441407,84.46332485198974,False,False,False,False,-0.43356022691939944,False,3.8,,,,,,,,,,,3.067484662576687,0.0,no strong trend confirmations,WEAK / MIXED
NKE,35.849998474121094,-0.08509349307730374,-0.11741053953886038,-0.2866025591440441,0.6369648155609676,39.12362991333008,48.34128442764282,False,False,False,False,-0.5033922327882827,False,3.4,,,,,,,,,,,2.4539877300613497,0.0,no strong trend confirmations,WEAK / MIXED
PCG,12.114999771118164,-0.27018075345095083,-0.2797265165916655,-0.3029122780524145,0.5196941701290182,15.799300022125244,16.517880511283874,False,False,False,False,-0.36237086546116004,False,2.7,,,,,,,,,,,1.8404907975460123,0.0,no strong trend confirmations,WEAK / MIXED
DOW,27.524999618530273,-0.08736743975203964,0.017705403363125427,-0.3282168951808043,0.5788219097586569,29.80509433746338,31.344893608093262,False,False,False,False,-0.3282168951808043,False,2.7,,,,,,,,,,,1.2269938650306749,0.0,no strong trend confirmations,WEAK / MIXED
LULU,97.40499877929688,-0.19373395623110812,-0.14691716133336263,-0.3320647496655633,0.3721519444628418,113.02770050048828,146.5163247680664,False,False,False,False,-0.5488002752632333,False,1.7,,,,,,,,,,,0.6134969325153374,0.0,no strong trend confirmations,WEAK / MIXED
